months,ICO composite indicator,Colombian Milds,Other Milds,Brazilian Naturals,Robustas
01/1990,1.3852097130242824,1.8116997792494478,1.6781456953642382,1.5532008830022073,1.0920529801324501
02/1990,1.4792494481236202,2.0209713024282556,1.8532008830022073,1.71280353200883,1.1050772626931566
03/1990,1.661147902869757,2.2790286975717438,2.091169977924945,1.9022075055187637,1.230905077262693
04/1990,1.6631346578366446,2.247019867549669,2.090728476821192,1.9304635761589404,1.2350993377483444
05/1990,1.618101545253863,2.188520971302428,2.0523178807947016,1.905298013245033,1.1836644591611478
06/1990,1.5432671081677702,2.1194260485651215,1.967991169977925,1.830905077262693,1.1185430463576158
07/1990,1.5090507726269313,2.04083885209713,1.91280353200883,1.742604856512141,1.105298013245033
08/1990,1.6357615894039732,2.280353200883002,2.084547461368653,1.9922737306843266,1.18719646799117
09/1990,1.6677704194260483,2.2562913907284763,2.1057395143487856,2.0353200883002205,1.2295805739514347
10/1990,1.6311258278145695,2.1456953642384105,2.021633554083885,1.8935982339955848,1.24083885209713
11/1990,1.5474613686534213,2.0392935982339955,1.8701986754966886,1.7099337748344368,1.2247240618101543
12/1990,1.607726269315673,2.142604856512141,1.968653421633554,1.769757174392936,1.2463576158940397
01/1991,1.531567328918322,2.0209713024282556,1.8969094922737306,1.668653421633554,1.1662251655629137
02/1991,1.5573951434878586,2.0796909492273725,1.969315673289183,1.7525386313465783,1.1450331125827813
03/1991,1.5997792494481236,2.1933774834437085,2.065342163355408,1.8505518763796907,1.1339955849889622
04/1991,1.5772626931567328,2.147240618101545,2.030022075055187,1.8008830022075053,1.1242825607064018
05/1991,1.4894039735099336,2.0200883002207504,1.9399558498896246,1.6679911699779248,1.0388520971302428
06/1991,1.4476821192052978,1.990728476821192,1.8935982339955848,1.5991169977924944,1.001766004415011
07/1991,1.4196467991169976,1.9430463576158938,1.8375275938189843,1.5284768211920527,1.001766004415011
08/1991,1.398233995584989,1.9445916114790285,1.8050772626931564,1.5044150110375276,0.9911699779249447
09/1991,1.4759381898454744,2.0298013245033113,1.9218543046357615,1.6573951434878584,1.0300220750551874
10/1991,1.3869757174392934,1.8295805739514346,1.7609271523178804,1.4549668874172184,1.01280353200883
11/1991,1.4194260485651211,1.8196467991169978,1.7262693156732891,1.457615894039735,1.1125827814569536
12/1991,1.3922737306843267,1.759381898454746,1.6633554083885207,1.3717439293598233,1.1211920529801322
01/1992,1.3492273730684325,1.7306843267108167,1.620529801324503,1.3693156732891831,1.0779249448123618
02/1992,1.2253863134657834,1.583885209713024,1.5110375275938188,1.2814569536423839,0.9397350993377482
03/1992,1.2467991169977923,1.626269315673289,1.5534216335540838,1.3156732891832228,0.9401766004415011
04/1992,1.1841059602649007,1.5353200883002205,1.455187637969095,1.21280353200883,0.9130242825607063
05/1992,1.0876379690949227,1.4333333333333333,1.3434878587196466,1.1282560706401765,0.8317880794701986
06/1992,1.0624724061810153,1.4150110375275935,1.3044150110375274,1.0834437086092714,0.8205298013245033
07/1992,1.075055187637969,1.379690949227373,1.2847682119205297,1.0713024282560706,0.8651214128035318
08/1992,1.0130242825607063,1.2470198675496689,1.1684326710816777,1.0242825607064017,0.857615894039735
09/1992,1.0399558498896246,1.240176600441501,1.175055187637969,1.0911699779249446,0.9046357615894038
10/1992,1.1673289183222957,1.429801324503311,1.3591611479028696,1.3165562913907283,0.9754966887417217
11/1992,1.2690949227373067,1.5832229580573949,1.4858719646799117,1.4269315673289182,1.052317880794702
12/1992,1.41280353200883,1.799558498896247,1.7039735099337747,1.6421633554083883,1.121633554083885
01/1993,1.2834437086092714,1.5807947019867548,1.5317880794701986,1.4818984547461367,1.0353200883002207
02/1993,1.2653421633554083,1.5993377483443707,1.4933774834437086,1.4644591611479028,1.0373068432671082
03/1993,1.208830022075055,1.4805739514348784,1.4044150110375273,1.3818984547461368,1.0132450331125826
04/1993,1.1342163355408388,1.3194260485651215,1.2774834437086091,1.212362030905077,0.990728476821192
05/1993,1.196026490066225,1.486754966887417,1.3726269315673287,1.26401766004415,1.0192052980132449
06/1993,1.2039735099337747,1.5039735099337745,1.379690949227373,1.2295805739514347,1.0280353200883001
07/1993,1.3379690949227372,1.6865342163355408,1.5852097130242824,1.4516556291390728,1.0905077262693155
08/1993,1.4942604856512138,1.8582781456953643,1.6980132450331125,1.6169977924944812,1.2905077262693156
09/1993,1.581456953642384,1.911258278145695,1.7830022075055185,1.6684326710816775,1.379690949227373
10/1993,1.4962472406181013,1.8326710816777039,1.6918322295805739,1.5816777041942605,1.300662251655629
11/1993,1.545916114790287,1.8887417218543046,1.7350993377483441,1.6379690949227372,1.3567328918322294
12/1993,1.5783664459161146,1.9278145695364237,1.7922737306843264,1.644812362030905,1.3644591611479029
01/1994,1.5269315673289183,1.8951434878587194,1.7428256070640176,1.5766004415011037,1.3110375275938189
02/1994,1.5975717439293597,2.0538631346578367,1.8527593818984547,1.7690949227373067,1.3421633554083883
03/1994,1.6801324503311257,2.058057395143488,1.9218543046357615,1.8701986754966886,1.43841059602649
04/1994,1.7922737306843264,2.152980132450331,1.9993377483443706,1.9236203090507724,1.5854304635761587
05/1994,2.3933774834437083,2.955849889624724,2.690507726269315,2.613024282560706,2.096026490066225
06/1994,2.823620309050772,3.352097130242825,3.166225165562914,3.011699779249448,2.4807947019867544
07/1994,4.226048565121412,4.917218543046357,4.832008830022074,4.675717439293598,3.6203090507726268
08/1994,4.00728476821192,4.649227373068433,4.424724061810154,4.246799116997792,3.58962472406181
09/1994,4.4677704194260475,5.110816777041943,4.900662251655628,4.696026490066225,4.034878587196467
10/1994,4.098013245033112,4.549006622516556,4.455849889624724,4.220971302428256,3.740176600441501
11/1994,3.7112582781456953,4.127152317880794,4.03774834437086,3.81523178807947,3.38476821192053
12/1994,3.292273730684326,3.839735099337748,3.7205298013245027,3.526048565121412,2.8637969094922733
01/1995,3.3571743929359825,3.9123620309050766,3.810596026490066,3.5940397350993374,2.903752759381898
02/1995,3.3607064017660044,3.8646799116997785,3.7481236203090504,3.555629139072847,2.9732891832229575
03/1995,3.592273730684326,4.100441501103752,3.9609271523178804,3.785430463576158,3.2236203090507725
04/1995,3.5229580573951433,3.9801324503311255,3.8498896247240615,3.676379690949227,3.1960264900662247
05/1995,3.4428256070640173,3.911258278145695,3.7750551876379683,3.569977924944812,3.1103752759381895
06/1995,3.1271523178807943,3.7724061810154517,3.41037527593819,3.2057395143487857,2.843708609271523
07/1995,2.929580573951435,3.4706401766004413,3.215452538631346,3.083443708609271,2.643708609271523
08/1995,3.1280353200882995,3.6028697571743926,3.382119205298013,3.3011037527593814,2.8737306843267105
09/1995,2.7540838852097127,3.123399558498896,2.9682119205298014,2.8754966887417215,2.539735099337748
10/1995,2.6494481236203087,2.915673289183223,2.809492273730684,2.8086092715231787,2.4891832229580575
11/1995,2.6046357615894036,2.849668874172185,2.764900662251655,2.766666666666666,2.4443708609271524
12/1995,2.198013245033112,2.438631346578366,2.3452538631346576,2.4384105960264897,2.0505518763796906
01/1996,2.2147902869757172,2.628697571743929,2.442604856512141,2.8154525386313463,1.9865342163355406
02/1996,2.4392935982339954,2.978807947019867,2.739293598233995,3.1799116997792494,2.1388520971302425
03/1996,2.3375275938189843,2.8830022075055184,2.667549668874172,3.1123620309050772,2.0075055187637965
04/1996,2.36401766004415,2.9649006622516554,2.726269315673289,2.9342163355408384,2.0015452538631346
05/1996,2.4335540838852094,3.147019867549669,2.85364238410596,2.974834437086092,2.013245033112583
06/1996,2.3353200883002208,2.941501103752759,2.769536423841059,2.7690949227373065,1.9008830022075054
07/1996,2.2068432671081677,2.988741721854304,2.7035320088300216,2.360485651214128,1.7099337748344368
08/1996,2.2677704194260486,3.0392935982339955,2.7863134657836643,2.390286975717439,1.7487858719646798
09/1996,2.1306843267108166,2.721854304635761,2.6203090507726268,2.2759381898454745,1.6410596026490065
10/1996,2.175717439293598,2.820529801324503,2.7417218543046356,2.3348785871964677,1.6097130242825606
11/1996,2.144370860927152,2.8567328918322294,2.7388520971302426,2.2905077262693156,1.5496688741721854
12/1996,1.9876379690949226,2.790507726269315,2.583222958057395,2.2894039735099336,1.3920529801324502
01/1997,2.208167770419426,3.226931567328918,2.9328918322295805,2.8097130242825603,1.483222958057395
02/1997,2.690728476821192,4.163796909492273,3.7167770419426045,3.536644591611479,1.664459161147903
03/1997,3.034657836644591,4.701103752759382,4.298013245033112,3.9679911699779247,1.7710816777041942
04/1997,3.139072847682119,4.397792494481235,4.569315673289183,4.0558498896247235,1.7083885209713023
05/1997,3.983222958057395,7.030905077262693,5.8999999999999995,4.627373068432671,2.066225165562914
06/1997,3.430022075055187,5.014348785871964,4.901103752759382,4.06644591611479,1.9589403973509931
07/1997,2.9810154525386308,4.206843267108167,4.203311258278145,3.4993377483443706,1.7582781456953642
08/1997,2.9278145695364235,4.270640176600441,4.211920529801325,3.4933774834437084,1.6434878587196466
09/1997,2.925165562913907,4.333112582781457,4.191390728476821,3.703532008830022,1.6589403973509933
10/1997,2.6730684326710814,3.7395143487858715,3.7011037527593813,3.3580573951434878,1.6450331125827813
11/1997,2.6083885209713022,3.562472406181015,3.537969094922737,3.2907284768211915,1.6785871964679913
12/1997,2.8701986754966886,4.046799116997792,3.916997792494481,3.777483443708609,1.823399558498896
01/1998,2.883222958057395,4.06644591611479,3.924944812362031,3.969757174392936,1.8412803532008828
02/1998,2.8869757174392934,4.20728476821192,3.933333333333333,3.924503311258278,1.840176600441501
03/1998,2.6474613686534214,3.666004415011037,3.4801324503311255,3.418101545253863,1.8143487858719645
04/1998,2.641501103752759,3.491611479028697,3.318984547461368,3.115011037527594,1.96401766004415
05/1998,2.521633554083885,3.230242825607064,3.0401766004415007,2.7569536423841057,2.003090507726269
06/1998,2.2922737306843266,2.9984547461368654,2.7578366445916114,2.2977924944812362,1.8262693156732892
07/1998,2.1483443708609267,2.760044150110375,2.5960264900662247,2.124061810154525,1.7006622516556291
08/1998,2.2350993377483444,2.8576158940397347,2.719867549668874,2.249889624724062,1.7503311258278145
09/1998,2.1152317880794698,2.5951434878587194,2.4690949227373067,2.047682119205298,1.7615894039735096
10/1998,2.0973509933774834,2.538852097130243,2.4220750551876375,2.015894039735099,1.7726269315673286
11/1998,2.169094922737307,2.687417218543046,2.5686534216335537,2.1339955849889622,1.7695364238410594
12/1998,2.2236203090507725,2.7364238410596022,2.591390728476821,2.213686534216335,1.8556291390728477
01/1999,2.1549668874172183,2.7167770419426045,2.4935982339955847,2.194922737306843,1.8165562913907285
02/1999,2.0388520971302424,2.5810154525386313,2.328476821192053,2.0247240618101543,1.7490066225165561
03/1999,1.9735099337748343,2.583885209713024,2.3264900662251655,1.9624724061810155,1.6207505518763796
04/1999,1.89205298013245,2.516997792494481,2.2540838852097127,1.9015452538631346,1.5302428256070637
05/1999,1.9759381898454746,2.736203090507726,2.451876379690949,2.12560706401766,1.4997792494481235
06/1999,1.9072847682119205,2.681015452538631,2.3666666666666663,2.0240618101545254,1.4479028697571743
07/1999,1.7262693156732891,2.3631346578366443,2.0935982339955848,1.7247240618101543,1.3589403973509933
08/1999,1.7046357615894039,2.324061810154525,2.0167770419426048,1.692494481236203,1.3922737306843267
09/1999,1.5880794701986753,2.158278145695364,1.861147902869757,1.5547461368653421,1.3150110375275936
10/1999,1.685651214128035,2.2889624724061806,2.0794701986754967,1.7381898454746134,1.291832229580574
11/1999,1.9474613686534215,2.798233995584989,2.5028697571743925,2.1724061810154525,1.3920529801324502
12/1999,2.1108167770419426,3.0982339955849887,2.747461368653421,2.4165562913907284,1.47439293598234
01/2000,1.8132450331125827,2.8726269315673285,2.4527593818984545,2.1562913907284766,1.173951434878587
02/2000,1.6810154525386314,2.7534216335540838,2.2834437086092714,2.0200883002207504,1.078587196467991
03/2000,1.622295805739514,2.6381898454746135,2.2236203090507725,1.9852097130242825,1.020971302428256
04/2000,1.5348785871964679,2.48719646799117,2.088520971302428,1.9086092715231784,0.9812362030905077
05/2000,1.5282560706401764,2.435099337748344,2.0783664459161146,1.92560706401766,0.9783664459161147
06/2000,1.4251655629139073,2.214128035320088,1.9081677704194258,1.7289183222958053,0.9421633554083885
07/2000,1.4145695364238409,2.244370860927152,1.9282560706401763,1.763576158940397,0.9011037527593818
08/2000,1.271081677704194,2.0280353200883003,1.697792494481236,1.5578366445916112,0.8443708609271522
09/2000,1.2649006622516554,1.9863134657836643,1.672847682119205,1.5704194260485649,0.8571743929359822
10/2000,1.244812362030905,1.9922737306843266,1.6920529801324502,1.5955849889624723,0.7977924944812361
11/2000,1.1516556291390727,1.8545253863134656,1.5792494481236203,1.5220750551876379,0.7242825607064017
12/2000,1.0655629139072846,1.6735099337748343,1.4602649006622517,1.4214128035320086,0.6706401766004414
01/2001,1.0858719646799115,1.662913907284768,1.4565121412803532,1.3770419426048564,0.7152317880794701
02/2001,1.0900662251655628,1.6931567328918322,1.483222958057395,1.379690949227373,0.697130242825607
03/2001,1.0708609271523177,1.698454746136865,1.467991169977925,1.3322295805739512,0.6737306843267108
04/2001,1.0443708609271523,1.727373068432671,1.4598233995584986,1.2165562913907284,0.6289183222958057
05/2001,1.0900662251655628,1.7863134657836643,1.5280353200883001,1.2624724061810153,0.652317880794702
06/2001,1.0271523178807946,1.6419426048565118,1.410596026490066,1.144812362030905,0.6437086092715231
07/2001,0.9507726269315673,1.5386313465783663,1.2962472406181014,1.0249448123620308,0.6052980132450331
08/2001,0.9439293598233994,1.6225165562913906,1.3181015452538631,1.0262693156732892,0.5697571743929359
09/2001,0.9088300220750551,1.518763796909492,1.2816777041942604,0.9364238410596026,0.5357615894039734
10/2001,0.9317880794701986,1.3878587196467989,1.2450331125827814,0.8527593818984547,0.51280353200883
11/2001,0.9766004415011037,1.4324503311258276,1.2991169977924943,0.9452538631346578,0.5225165562913907
12/2001,0.9569536423841059,1.3759381898454746,1.2520971302428254,0.9317880794701986,0.5390728476821192
01/2002,0.9593818984547461,1.3799116997792493,1.2858719646799115,0.9523178807947019,0.503532008830022
02/2002,0.9779249448123619,1.3834437086092715,1.3048565121412803,0.9529801324503311,0.5379690949227373
03/2002,1.092494481236203,1.5070640176600438,1.4231788079470198,1.075055187637969,0.6415011037527593
04/2002,1.108167770419426,1.5370860927152314,1.441280353200883,1.0931567328918321,0.6470198675496688
05/2002,1.0441501103752757,1.455849889624724,1.3554083885209711,1.0019867549668873,0.6249448123620308
06/2002,1.0057395143487857,1.3894039735099335,1.2927152317880795,0.9492273730684326,0.627373068432671
07/2002,0.9867549668874172,1.3377483443708609,1.2467991169977923,0.955849889624724,0.6313465783664459
08/2002,0.9445916114790286,1.282560706401766,1.1980132450331125,0.8869757174392935,0.6154525386313465
09/2002,1.058719646799117,1.4161147902869757,1.339072847682119,0.9830022075055187,0.7081677704194259
10/2002,1.1211920529801322,1.4993377483443708,1.4509933774834436,1.0172185430463574,0.7355408388520971
11/2002,1.207064017660044,1.5607064017660044,1.5423841059602648,1.0871964679911699,0.8364238410596025
12/2002,1.1410596026490065,1.4432671081677702,1.4163355408388518,1.0275938189845473,0.8401766004415011
01/2003,1.1929359823399557,1.484988962472406,1.4474613686534215,1.0885209713024282,0.9090507726269315
02/2003,1.1935982339955848,1.4894039735099336,1.4660044150110374,1.0810154525386313,0.8977924944812361
03/2003,1.0951434878587196,1.3719646799116996,1.3631346578366446,0.9662251655629139,0.8205298013245033
04/2003,1.1450331125827813,1.4216335540838851,1.4280353200883,1.0717439293598232,0.8260485651214128
05/2003,1.1741721854304634,1.4509933774834436,1.4626931567328918,1.1284768211920528,0.834437086092715
06/2003,1.0794701986754967,1.360044150110375,1.3474613686534216,1.0348785871964679,0.7551876379690948
07/2003,1.123399558498896,1.432229580573951,1.38962472406181,1.0927152317880793,0.7803532008830022
08/2003,1.1527593818984545,1.4492273730684326,1.4103752759381898,1.1584988962472405,0.8013245033112582
09/2003,1.194260485651214,1.4911699779249445,1.4660044150110374,1.2110375275938188,0.8245033112582781
10/2003,1.1417218543046357,1.4607064017660043,1.419205298013245,1.165783664459161,0.7920529801324503
11/2003,1.0993377483443707,1.4214128035320086,1.3746136865342162,1.119867549668874,0.752980132450331
12/2003,1.157615894039735,1.4719646799116999,1.431567328918322,1.2094922737306841,0.792494481236203
01/2004,1.295364238410596,1.6282560706401765,1.6055187637969095,1.3699779249448123,0.8794701986754967
02/2004,1.321633554083885,1.6894039735099335,1.6821192052980132,1.4463576158940394,0.8178807947019866
03/2004,1.3421633554083883,1.7211920529801323,1.7231788079470198,1.4783664459161145,0.8101545253863135
04/2004,1.2980132450331123,1.660485651214128,1.6653421633554082,1.4061810154525385,0.8028697571743928
05/2004,1.3225165562913905,1.7035320088300219,1.6995584988962469,1.43841059602649,0.8070640176600441
06/2004,1.4189845474613685,1.8214128035320087,1.814790286975717,1.5366445916114788,0.8801324503311256
07/2004,1.2905077262693156,1.6805739514348783,1.6543046357615891,1.3883002207505517,0.7951434878587197
08/2004,1.2578366445916114,1.6633554083885207,1.6249448123620307,1.3631346578366446,0.7485651214128034
09/2004,1.3569536423841058,1.788520971302428,1.776379690949227,1.520971302428256,0.755849889624724
10/2004,1.34878587196468,1.8326710816777039,1.7781456953642383,1.5432671081677702,0.6991169977924945
11/2004,1.4953642384105958,2.0492273730684323,1.9927152317880792,1.7525386313465783,0.7220750551876379
12/2004,1.7156732891832227,2.334437086092715,2.298454746136865,2.02560706401766,0.8150110375275937
01/2005,1.7516556291390726,2.3889624724061806,2.3655629139072847,2.0668874172185427,0.8158940397350993
02/2005,1.9735099337748343,2.6834437086092713,2.667991169977925,2.3423841059602646,0.9103752759381898
03/2005,2.239293598233995,2.99205298013245,2.980794701986755,2.6516556291390727,1.0929359823399558
04/2005,2.1677704194260485,2.858940397350993,2.859381898454746,2.5271523178807946,1.1203090507726268
05/2005,2.2026490066225164,2.844812362030905,2.833774834437086,2.5377483443708604,1.2377483443708608
06/2005,2.12560706401766,2.677483443708609,2.674613686534216,2.3671081677704193,1.3249448123620309
07/2005,1.9532008830022074,2.4456953642384107,2.426710816777042,2.1315673289183223,1.2777041942604856
08/2005,1.883222958057395,2.40485651214128,2.388520971302428,2.096688741721854,1.147240618101545
09/2005,1.7392935982339957,2.2328918322295803,2.196247240618101,1.9752759381898455,1.0346578366445915
10/2005,1.8222958057395142,2.344591611479028,2.318984547461368,2.0838852097130243,1.0492273730684325
11/2005,1.8969094922737306,2.4061810154525385,2.3783664459161145,2.162472406181015,1.1357615894039734
12/2005,1.9172185430463573,2.3772626931567324,2.3348785871964677,2.1538631346578363,1.244812362030905
01/2006,2.2339955849889623,2.801766004415011,2.7417218543046356,2.5381898454746135,1.3993377483443707
02/2006,2.1498896247240618,2.6779249448123617,2.6295805739514346,2.406401766004415,1.3902869757174392
03/2006,2.047682119205298,2.5609271523178805,2.509050772626931,2.2940397350993376,1.3156732891832228
04/2006,2.0794701986754967,2.6019867549668874,2.5479028697571744,2.328697571743929,1.3366445916114789
05/2006,1.986754966887417,2.468211920529801,2.414128035320088,2.191832229580574,1.326269315673289
06/2006,1.8993377483443707,2.336203090507726,2.2770419426048565,2.058940397350993,1.3295805739514346
07/2006,1.9551876379690947,2.380794701986755,2.3178807947019866,2.087417218543046,1.4236203090507724
08/2006,2.1143487858719645,2.5196467991169977,2.46644591611479,2.215673289183223,1.624503311258278
09/2006,2.118763796909492,2.4697571743929356,2.424503311258278,2.1971302428256068,1.7022075055187635
10/2006,2.108830022075055,2.48719646799117,2.4421633554083884,2.1905077262693156,1.659381898454746
11/2006,2.284326710816777,2.736203090507726,2.699116997792494,2.429139072847682,1.6951434878587197
12/2006,2.3843267108167767,2.900883002207505,2.8353200883002203,2.590728476821192,1.692494481236203
01/2007,2.3357615894039734,2.7830022075055183,2.749006622516556,2.483443708609271,1.7467991169977923
02/2007,2.2997792494481235,2.733333333333333,2.693818984547461,2.4289183222958055,1.7456953642384103
03/2007,2.2094922737306844,2.6121412803532005,2.584547461368653,2.315894039735099,1.6997792494481234
04/2007,2.19205298013245,2.5631346578366445,2.529801324503311,2.256512141280353,1.7567328918322294
05/2007,2.2094922737306844,2.538852097130243,2.4997792494481232,2.2403973509933772,1.8523178807947018
06/2007,2.3626931567328917,2.6754966887417218,2.6342163355408386,2.3690949227373066,2.045916114790287
07/2007,2.3443708609271523,2.666225165562914,2.596688741721854,2.3452538631346576,2.0421633554083884
08/2007,2.3836644591611478,2.7642384105960263,2.719426048565121,2.46644591611479,1.9302428256070638
09/2007,2.498896247240618,2.877924944812362,2.826490066225165,2.5858719646799115,2.0481236203090507
10/2007,2.554304635761589,3.0130242825607065,2.9644591611479023,2.6958057395143484,2.011037527593819
11/2007,2.5260485651214126,2.9430463576158936,2.8918322295805736,2.646136865342163,2.0439293598233994
12/2007,2.6083885209713022,3.093156732891832,3.037086092715232,2.7799116997792495,2.0174392935982337
01/2008,2.7004415011037524,3.1492273730684324,3.087417218543046,2.824061810154525,2.1900662251655625
02/2008,3.0644591611479024,3.529801324503311,3.4721854304635755,3.173951434878587,2.5485651214128033
03/2008,3.005960264900662,3.347461368653421,3.3088300220750546,3.011258278145695,2.691390728476821
04/2008,2.7935982339955845,3.1355408388520964,3.105960264900662,2.8183222958057392,2.4567328918322295
05/2008,2.798233995584989,3.169977924944812,3.133554083885209,2.85916114790287,2.403532008830022
06/2008,2.8810154525386307,3.292494481236203,3.226269315673289,2.950331125827814,2.457836644591611
07/2008,2.931125827814569,3.337306843267108,3.252980132450331,2.977483443708609,2.543708609271523
08/2008,2.894922737306843,3.333995584988962,3.2324503311258277,2.9421633554083884,2.4847682119205294
09/2008,2.7966887417218538,3.275055187637969,3.162693156732892,2.8754966887417215,2.3262693156732888
10/2008,2.3909492273730684,2.8916114790286973,2.7282560706401764,2.4342163355408384,1.9596026490066223
11/2008,2.3814569536423837,2.8796909492273723,2.690728476821192,2.3832229580573947,2.003532008830022
12/2008,2.275275938189845,2.8894039735099333,2.626269315673289,2.283885209713024,1.8214128035320087
01/2009,2.3927152317880793,3.1417218543046355,2.8322295805739515,2.4101545253863135,1.8264900662251653
02/2009,2.375275938189845,3.190949227373068,2.8582781456953636,2.3772626931567324,1.7708609271523177
03/2009,2.3370860927152317,3.4030905077262688,2.8370860927152317,2.2695364238410596,1.6845474613686533
04/2009,2.4637969094922734,3.9977924944812355,2.977483443708609,2.3388520971302427,1.6673289183222957
05/2009,2.716335540838852,4.681015452538631,3.3331125827814567,2.6136865342163356,1.6693156732891832
06/2009,2.6280353200883,4.333774834437086,3.306622516556291,2.5479028697571744,1.6289183222958057
07/2009,2.492273730684327,4.134437086092714,3.1103752759381895,2.379690949227373,1.5823399558498896
08/2009,2.5927152317880795,4.092494481236202,3.3059602649006616,2.579690949227373,1.597130242825607
09/2009,2.5695364238410594,3.917218543046357,3.2788079470198674,2.564238410596026,1.6295805739514346
10/2009,2.6730684326710814,3.932229580573951,3.4121412803532003,2.7509933774834434,1.6227373068432671
11/2009,2.6417218543046355,3.9366445916114787,3.360044150110375,2.7852097130242823,1.533774834437086
12/2009,2.7584988962472403,4.24083885209713,3.4913907284768206,2.9324503311258274,1.5428256070640176
01/2010,2.800220750551876,4.580794701986754,3.507726269315673,2.9066225165562907,1.5470198675496687
02/2010,2.723399558498896,4.518984547461368,3.48476821192053,2.7498896247240614,1.4984547461368651
03/2010,2.766004415011037,4.541059602649006,3.6313465783664456,2.7860927152317876,1.4845474613686533
04/2010,2.801103752759382,4.403973509933774,3.7359823399558496,2.7750551876379688,1.5788079470198673
05/2010,2.8278145695364234,4.422295805739514,3.8251655629139067,2.810596026490066,1.558719646799117
06/2010,3.139072847682119,4.9556291390728475,4.214128035320088,3.1611479028697564,1.6980132450331125
07/2010,3.3865342163355403,5.199116997792494,4.4858719646799114,3.462913907284768,1.8823399558498894
08/2010,3.4759381898454746,5.385871964679911,4.670860927152318,3.6028697571743926,1.8251655629139072
09/2010,3.6116997792494483,5.469536423841059,4.916335540838852,3.86644591611479,1.7942604856512139
10/2010,3.56644591611479,5.077704194260486,4.804415011037527,3.8715231788079465,1.8823399558498894
11/2010,3.8388520971302427,5.386754966887417,5.154083885209713,4.207947019867549,2.0317880794701986
12/2010,4.067549668874172,5.783002207505519,5.478366445916114,4.508830022075054,2.0770419426048563
01/2011,4.356512141280352,6.178366445916114,5.822737306843266,4.851434878587196,2.231567328918322
02/2011,4.76887417218543,6.543929359823399,6.355187637969094,5.452538631346578,2.4139072847682117
03/2011,4.952097130242826,6.637527593818984,6.447461368653421,5.761147902869757,2.607726269315673
04/2011,5.104635761589404,6.908388520971301,6.625165562913907,6.03532008830022,2.590949227373068
05/2011,5.032450331125827,6.670419426048565,6.425827814569535,5.930684326710817,2.692715231788079
06/2011,4.758940397350993,6.356512141280352,6.070198675496688,5.531788079470198,2.6037527593818983
07/2011,4.643708609271523,6.296026490066224,5.9165562913907275,5.423620309050772,2.488520971302428
08/2011,4.6841059602649,6.334878587196468,5.9699779249448115,5.515011037527594,2.473951434878587
09/2011,4.702869757174392,6.347461368653422,6.067991169977924,5.64326710816777,2.341280353200883
10/2011,4.280353200883002,5.687858719646799,5.47064017660044,5.171743929359823,2.1655629139072845
11/2011,4.275055187637968,5.673068432671081,5.41037527593819,5.226269315673289,2.1465783664459157
12/2011,4.172626931567328,5.554083885209712,5.225386313465783,5.05055187637969,2.1724061810154525
01/2012,4.169977924944812,5.649227373068432,5.236423841059603,5.03774834437086,2.1350993377483443
02/2012,4.0240618101545245,5.389403973509933,4.9483443708609265,4.754966887417218,2.250110375275938
03/2012,3.703532008830022,4.919205298013245,4.442825607064017,4.2390728476821185,2.286313465783664
04/2012,3.5421633554083884,4.734216335540839,4.226269315673289,3.9933774834437084,2.247240618101545
05/2012,3.480794701986755,4.576600441501103,4.076158940397351,3.8448123620309045,2.3593818984547457
06/2012,3.207726269315673,4.076600441501103,3.7238410596026488,3.4474613686534212,2.333333333333333
07/2012,3.5114790286975714,4.471523178807947,4.20419426048565,3.8847682119205293,2.3633554083885207
08/2012,3.278145695364238,4.131125827814569,3.8591611479028693,3.533112582781457,2.351434878587196
09/2012,3.3395143487858716,4.196467991169977,3.950993377483443,3.6761589403973507,2.3167770419426046
10/2012,3.247682119205298,4.004194260485651,3.8260485651214124,3.55849889624724,2.3061810154525384
11/2012,3.009933774834437,3.7545253863134658,3.530022075055187,3.2726269315673284,2.1560706401766003
12/2012,2.8986754966887416,3.629139072847682,3.3717439293598233,3.1057395143487856,2.1322295805739513
01/2013,2.9885209713024277,3.7348785871964676,3.4721854304635755,3.204635761589403,2.2006622516556287
02/2013,2.9030905077262688,3.569536423841059,3.299337748344371,3.0161147902869754,2.296467991169978
03/2013,2.9002207505518762,3.5657836644591607,3.3064017660044147,2.949448123620309,2.3456953642384106
04/2013,2.8598233995584987,3.5708609271523173,3.307064017660044,2.927593818984547,2.2445916114790285
05/2013,2.802649006622516,3.495584988962472,3.2492273730684325,2.8761589403973504,2.1894039735099335
06/2013,2.595584988962472,3.2571743929359824,3.0520971302428253,2.6492273730684324,2.0041942604856513
07/2013,2.6253863134657838,3.2551876379690947,3.054966887417218,2.637306843267108,2.1017660044150106
08/2013,2.5706401766004414,3.1624724061810148,2.9834437086092715,2.578587196467991,2.0752759381898453
09/2013,2.4684326710816773,3.059602649006622,2.9200883002207503,2.486754966887417,1.9377483443708607
10/2013,2.3626931567328917,2.954304635761589,2.8410596026490063,2.418763796909492,1.847682119205298
11/2013,2.229359823399558,2.751655629139073,2.693598233995585,2.2642384105960263,1.759602649006622
12/2013,2.352317880794702,2.7933774834437086,2.7807947019867547,2.370860927152318,1.9401766004415009
01/2014,2.444812362030905,2.9337748344370858,2.930022075055187,2.516997792494481,1.936644591611479
02/2014,3.0421633554083884,3.801766004415011,3.8331125827814563,3.2834437086092714,2.116997792494481
03/2014,3.643046357615894,4.659381898454746,4.726048565121412,4.039072847682119,2.326048565121413
04/2014,3.7655629139072846,4.870198675496688,4.933333333333333,4.207947019867549,2.3300220750551874
05/2014,3.6189845474613684,4.672406181015452,4.728476821192053,4.016997792494481,2.273509933774834
06/2014,3.3536423841059597,4.3083885209713015,4.368432671081677,3.6498896247240618,2.1834437086092713
07/2014,3.36644591611479,4.28719646799117,4.346578366445915,3.6406181015452534,2.247019867549669
08/2014,3.6,4.671081677704194,4.701324503311258,4.046799116997792,2.2130242825607063
09/2014,3.5715231788079467,4.564679911699779,4.647461368653421,4.020971302428256,2.2189845474613685
10/2014,3.8163355408388515,4.913686534216335,4.973289183222957,4.349889624724062,2.3112582781456954
11/2014,3.579911699779249,4.556512141280352,4.622075055187637,4.005077262693156,2.2750551876379688
12/2014,3.325827814569536,4.197792494481236,4.27373068432671,3.6772626931567327,2.172847682119205
01/2015,3.2724061810154526,4.089624724061809,4.194260485651213,3.6092715231788075,2.1635761589403972
02/2015,3.114790286975717,3.8434878587196466,3.9490066225165554,3.3532008830022075,2.1713024282560704
03/2015,2.8044150110375274,3.4059602649006617,3.548344370860927,2.9481236203090506,2.034437086092715
04/2015,2.8481236203090505,3.467108167770419,3.6203090507726268,3.01766004415011,2.032229580573951
05/2015,2.7260485651214124,3.3154525386313463,3.498454746136865,2.878145695364238,1.9328918322295805
06/2015,2.7587196467991166,3.355849889624724,3.5267108167770416,2.8810154525386307,1.9922737306843266
07/2015,2.643929359823399,3.1902869757174392,3.4094922737306836,2.7293598233995584,1.9231788079470198
08/2015,2.675717439293598,3.244150110375276,3.4640176600441497,2.8088300220750546,1.8935982339955848
09/2015,2.4975717439293597,2.992273730684327,3.226269315673289,2.6011037527593817,1.7991169977924943
10/2015,2.6143487858719645,3.158940397350993,3.3830022075055184,2.8139072847682116,1.827373068432671
11/2015,2.5392935982339955,3.060264900662251,3.266666666666666,2.7141280353200883,1.8044150110375272
12/2015,2.5304635761589402,3.088079470198675,3.28167770419426,2.7313465783664457,1.7501103752759382
01/2016,2.4479028697571743,2.98476821192053,3.2015452538631344,2.675717439293598,1.6492273730684324
02/2016,2.4668874172185427,3.0280353200882995,3.2604856512141276,2.698454746136865,1.6344370860927153
03/2016,2.6011037527593817,3.2052980132450326,3.47682119205298,2.878145695364238,1.66887417218543
04/2016,2.6033112582781457,3.1713024282560704,3.404415011037527,2.8278145695364234,1.7699779249448124
05/2016,2.6470198675496683,3.18962472406181,3.4258278145695362,2.84878587196468,1.8527593818984547
06/2016,2.8046357615894038,3.462693156732892,3.652317880794701,3.054746136865342,1.897130242825607
07/2016,2.9355408388520967,3.6304635761589403,3.791611479028697,3.195584988962472,2.00485651214128
08/2016,2.8918322295805736,3.5492273730684323,3.6984547461368646,3.1216335540838847,2.026269315673289
09/2016,3.05121412803532,3.7273730684326707,3.8918322295805736,3.306843267108168,2.138631346578366
10/2016,3.1496688741721854,3.803090507726269,3.950551876379691,3.380794701986755,2.2880794701986753
11/2016,3.218984547461368,3.926048565121412,4.064459161147902,3.48167770419426,2.28962472406181
12/2016,2.90728476821192,3.4578366445916107,3.5713024282560704,3.0273730684326705,2.2483443708609268
01/2017,3.069977924944812,3.641501103752759,3.722075055187638,3.2163355408388514,2.3911699779249442
02/2017,3.0392935982339955,3.6130242825607057,3.6721854304635757,3.2119205298013243,2.350772626931567
03/2017,2.959602649006622,3.496688741721854,3.5353200883002205,3.0832229580573944,2.3560706401766005
04/2017,2.878366445916114,3.4209713024282555,3.43046357615894,3.004194260485651,2.2865342163355407
05/2017,2.7682119205298013,3.3423841059602646,3.311258278145695,2.896467991169978,2.1713024282560704
06/2017,2.7017660044150107,3.2256070640176597,3.1615894039735095,2.7309050772626926,2.250551876379691
07/2017,2.8092715231788077,3.3666666666666663,3.303752759381898,2.8518763796909488,2.3165562913907283
08/2017,2.830905077262693,3.4249448123620305,3.3086092715231783,2.912362030905077,2.3072847682119204
09/2017,2.747461368653421,3.343708609271523,3.2353200883002207,2.862472406181015,2.1894039735099335
10/2017,2.6492273730684324,3.184547461368653,3.1061810154525387,2.7494481236203088,2.1719646799116994
11/2017,2.588520971302428,3.1807947019867546,3.1103752759381895,2.7434878587196465,2.0161147902869754
12/2017,2.5165562913907285,3.126269315673289,3.033554083885209,2.681456953642384,1.9335540838852097
01/2018,2.551876379690949,3.173730684326711,3.064238410596026,2.7300220750551873,1.9569536423841059
02/2018,2.5207505518763793,3.1236203090507724,3.008388520971302,2.6673289183222955,1.9699779249448122
03/2018,2.4942604856512136,3.078366445916114,2.980794701986755,2.6445916114790284,1.946578366445916
04/2018,2.4847682119205294,3.0748344370860923,2.9655629139072848,2.621633554083885,1.949448123620309
05/2018,2.5019867549668873,3.096247240618101,2.993598233995585,2.6395143487858714,1.9589403973509931
06/2018,2.437969094922737,3.0584988962472406,2.958719646799117,2.5408388520971297,1.8999999999999997
07/2018,2.36644591611479,2.9562913907284765,2.8830022075055184,2.440176600441501,1.8635761589403972
08/2018,2.2607064017660043,2.8695364238410597,2.7640176600441495,2.305960264900662,1.7823399558498894
09/2018,2.167108167770419,2.7757174392935977,2.675055187637969,2.2046357615894037,1.6931567328918322
10/2018,2.454966887417218,3.1088300220750553,3.0317880794701986,2.5516556291390726,1.8834437086092712
11/2018,2.419205298013245,3.07439293598234,3.026710816777042,2.5004415011037526,1.843708609271523
12/2018,2.220971302428256,2.8225165562913905,2.8057395143487853,2.2538631346578364,1.7123620309050769
