trackName,artistName,TotalMinutes
Cent corps,Kid Francescoli,565.1
Dlaczego Koreą Południową zawładnął antyfeminizm (Dział Zagraniczny Podcast#212),Dział Zagraniczny,426.29
Poison,Alice Cooper,406.5
Some,Steve Lacy,398.6
Buttons,Steve Lacy,339.12
The Look,Metronomy,321.03
Give You the World,Steve Lacy,319.42
Static,Steve Lacy,313.92
Feels Like We Only Go Backwards,Tame Impala,310.82
Melodia ulotna,Mela Koteluk,305.77
Chłopcy,Myslovitz,303.39
Mercury,Steve Lacy,298.82
"New Person, Same Old Mistakes",Tame Impala,288.49
Where'd All the Time Go?,Dr. Dog,285.24
C U Girl,Steve Lacy,284.52
The Adults Are Talking,The Strokes,279.16
Bad Habit,Steve Lacy,273.77
Looking Out for You,Joy Again,270.54
Space Song,Beach House,267.06
Elvis,Zuta,257.96
Kocham być z tobą,The Dumplings,255.76
EARFQUAKE,"Tyler, The Creator",253.56
BEST INTEREST,"Tyler, The Creator",246.5
Missing You,Boston Bun,245.2
Sunshine (feat. Fousheé),Steve Lacy,244.52
Jealous Guy,Donny Hathaway,243.82
K.O.,Brodka,242.77
Ghostride,Crumb,231.22
Infrunami,Steve Lacy,218.43
Lovers Rock,TV Girl,217.12
Dreams - 2004 Remaster,Fleetwood Mac,214.83
I'd Rather Go Blind,Etta James,214.39
Dark Red,Steve Lacy,205.74
Charcoal Baby,Blood Orange,201.95
King Kunta,Kendrick Lamar,195.58
Take Me Where Your Heart Is,Q,192.9
Can I Call You Rose?,Thee Sacred Souls,190.55
We're Never Coming Home,Molly Nilsson,189.67
Chanel,Frank Ocean,187.35
N Side,Steve Lacy,187.04
Nie mam dla ciebie miłości - Live,Męskie Granie Orkiestra,181.39
SUMMER,BROCKHAMPTON,179.33
Boys Don't Cry,The Cure,178.58
Stale płynne,Mela Koteluk,173.07
Mask Off,Future,172.73
Hate It Or Love It,The Game,172.0
What Once Was,Her's,170.04
NO HALO,BROCKHAMPTON,168.55
"Do Rycerzy, do Szlachty, do Mieszczan",Hey,167.26
Pewność,Marek Grechuta,165.94
Atomic Vomit,Steve Lacy,165.56
Borderline,Tame Impala,163.22
Disciples,Tame Impala,162.82
Helmet,Steve Lacy,162.71
All Along the Watchtower,Jimi Hendrix,160.53
BELEZA PULA,Masayoshi Takanaka,160.2
Cody Freestyle,Steve Lacy,160.05
Try a Little Tenderness,Otis Redding,157.65
Niedopowieści,Patrick the Pan,157.18
Tree Among Shrubs,Men I Trust,156.92
Work Song,Hozier,153.14
Feel Good Inc.,Gorillaz,152.93
"Another Brick In The Wall, Pt. 2 - 2011 Remastered Version",Pink Floyd,152.39
It's Our Love,Thee Sacred Souls,151.94
Uuuu,Steve Lacy,151.67
Goose Neck,Hotel Ugly,151.59
You Don't Own Me,Lesley Gore,150.86
The Suburbs,Arcade Fire,150.75
Teksanski,Hey,150.69
Kids with Guns,Gorillaz,150.52
Show Me How,Men I Trust,149.51
Killing Me Softly With His Song,Fugees,149.39
Babydoll,Dominic Fike,148.98
Let Go,Aaron May,147.11
Nicea,PRO8L3M,145.16
Only Takes A Night (Unreleased B-side),The Dø,144.57
The Less I Know The Better,Tame Impala,144.21
Yam Yam,No Vacation,144.03
Only You,Theophilus London,143.63
I hope that you think of me,Pity Party (Girls Club),142.23
Lay All Your Love On Me,ABBA,140.94
Jesień – Tańcuj,L.U.C.,140.52
Back On 74,Jungle,139.86
NAJGORSZE RZECZY,WaluśKraksaKryzys,137.57
We Are The People,Empire of the Sun,136.96
Shibuya (feat. Syd),Free Nationals,136.83
On Melancholy Hill,Gorillaz,136.43
Lost,Frank Ocean,134.92
Rhinestone Eyes,Gorillaz,133.73
SIR BAUDELAIRE (feat. DJ Drama),"Tyler, The Creator",132.94
ARE WE STILL FRIENDS?,"Tyler, The Creator",132.74
All Falls Down,Kanye West,132.59
Fastrygi,Mela Koteluk,132.15
Sundress,A$AP Rocky,131.84
NEW MAGIC WAND,"Tyler, The Creator",130.21
Balloon,Crumb,129.2
California Dreamin' - Single Version,The Mamas & The Papas,129.16
Every Breath You Take,The Police,126.96
What You Know,Two Door Cinema Club,126.46
Comfortably Numb - 2011 Remastered Version,Pink Floyd,126.4
Ain't No Mountain High Enough,Marvin Gaye,126.39
White Ferrari,Frank Ocean,125.47
Koniec Lata,L.U.C.,125.45
When I,Steve Lacy,125.21
"GONE, GONE / THANK YOU","Tyler, The Creator",125.13
Lost In Yesterday,Tame Impala,124.79
Wonderful Life,Katie Melua,123.85
Heroes - 2017 Remaster,David Bowie,123.8
Fluorescent Adolescent,Arctic Monkeys,122.85
Will I See You Again?,Thee Sacred Souls,122.33
Lay Me Down,Steve Lacy,122.05
I Hope You Die,Molly Nilsson,121.81
Still Beating,Mac DeMarco,121.06
Trójkąty i Kwadraty,Dawid Podsiadło,121.02
Zazdrosc,Hey,121.0
Beksa,Artur Rojek,120.94
Elephant,Tame Impala,120.79
Kto Tam? Kto Jest W Środku?,Hey,120.54
Lato2002,Coals,119.64
Is It True,Tame Impala,119.63
Shut up My Moms Calling,Hotel Ugly,117.8
Breathe (In The Air) - 2011 Remastered Version,Pink Floyd,117.67
DEVOTION,Mild Minds,117.4
My,Myslovitz,117.23
Sultans Of Swing,Dire Straits,116.13
All The Stars (with SZA),Kendrick Lamar,116.09
Red Room,Hiatus Kaiyote,116.03
Amber,Steve Lacy,115.68
Romantic Lover,Eyedress,115.68
DOGTOOTH,"Tyler, The Creator",115.63
West Savannah (feat. SZA),Isaiah Rashad,114.71
Od nowa,Kwiat Jabłoni,114.68
In My Room,Frank Ocean,113.64
Nikt,Bitamina,113.53
Wat's Wrong (feat. Zacari & Kendrick Lamar),Isaiah Rashad,113.48
Warned You,Good Morning,113.36
Bye Bye Baby,Requin Chagrin,113.13
Polowanie,Zuta,112.83
Seven,Men I Trust,112.7
The Mannequin Song,Hotel Ugly,112.16
No More Lies,Thundercat,109.07
Jigsaw Falling Into Place,Radiohead,108.47
Thats No Fun,Steve Lacy,107.93
I DON'T LOVE YOU ANYMORE,"Tyler, The Creator",107.47
Hell N Back,Bakar,106.79
Chcę Ci powiedzieć coś,Kora,106.4
I THINK,"Tyler, The Creator",105.86
Les,Childish Gambino,105.76
Syreny,Artur Rojek,104.64
When A Blind Man Cries - Remastered,Deep Purple,104.62
Nangs,Tame Impala,104.24
Alien Blues,Vundabar,103.96
Homecoming,Kanye West,103.76
A BOY IS A GUN*,"Tyler, The Creator",103.37
Jealous,Eyedress,101.95
Ostatni,Edyta Bartosiewicz,101.93
Snap Out Of It,Arctic Monkeys,101.63
The Ballad of Eddie Jabuley,Hotel Ugly,101.29
Pink + White,Frank Ocean,101.04
These Walls,Kendrick Lamar,100.32
Magenta (prod. Auer),Pezet,100.17
You're So Cool,Jonathan Bree,99.42
Doo Wop (That Thing),Ms. Lauryn Hill,99.11
More Than A Woman,Bee Gees,98.61
SWEET / I THOUGHT YOU WANTED TO DANCE (feat. Brent Faiyaz & Fana Hues),"Tyler, The Creator",98.02
Takiego chłopaka,Mikromusic,96.67
Tequila Shots,Kid Cudi,96.65
Relax My Eyes,ANOTR,96.07
Wesley's Theory,Kendrick Lamar,95.79
I Have A Dream,ABBA,95.14
BOY BYE,BROCKHAMPTON,95.12
Silkk da Shocka (feat. Syd),Isaiah Rashad,94.22
Chodźmy w tan,Zuta,93.87
Burning,The Whitest Boy Alive,93.06
GET LOST,MATVEÏ,92.8
Chwile Ulotne,Paktofonika,92.33
RUNNING OUT OF TIME,"Tyler, The Creator",92.13
See You Again (feat. Kali Uchis),"Tyler, The Creator",92.1
My Love Mine All Mine,Mitski,91.85
Father Stretch My Hands Pt. 1,Kanye West,91.13
The Light,Metronomy,91.01
Do I Wanna Know?,Arctic Monkeys,90.8
Like Me,Steve Lacy,90.67
Pink Matter,Frank Ocean,90.64
House of the Rising Sun,The Animals,89.97
Losing My Religion,R.E.M.,89.48
Right Down the Line,Gerry Rafferty,89.26
Rozczesała Rozpuściła,L.U.C.,88.84
Summers Over Interlude,Drake,88.61
Telephone (What's Your Name?),daste.,88.51
Keep Ya Head Up,2Pac,87.98
When You Die,MGMT,87.96
Easier Said Than Done,Thee Sacred Souls,87.35
"Tam gdzie jest nudno, ale gdzie będziemy szczęśliwi",The Dumplings,87.05
Feeling Good,Nina Simone,87.0
Angeleyes,ABBA,86.96
Freaking Out the Neighborhood,Mac DeMarco,86.94
Left Hand Free,alt-J,86.82
Is there free breakfast here?,Hotel Ugly,86.13
Navy Light,Labyrinth Ear,85.55
Time Machine,WILLOW,85.36
911 / Mr. Lonely (feat. Frank Ocean & Steve Lacy),"Tyler, The Creator",85.22
Love Me,Lil Wayne,85.02
Walkin',Thundercat,84.6
Hot Hands,Darius,84.36
About A Girl,Nirvana,84.21
A Horse with No Name,America,84.08
Pelota,Khruangbin,83.99
Not Allowed,TV Girl,83.93
Ain't No Sunshine,Bill Withers,83.4
FORMATIONS,Mild Minds,82.95
Supernature,Cerrone,82.73
Nieszczęśliwa,The Dumplings,82.53
Teddy Picker,Arctic Monkeys,82.5
Dancer,Gino Soccio,82.24
Gdyby miało nie być jutra,Pezet,81.38
She,"Tyler, The Creator",81.36
DESTINATIONS,Mild Minds,81.26
Kilka westchnień,KARAŚ/ROGUCKI,81.12
Only If,Steve Lacy,80.68
Why'd You Only Call Me When You're High?,Arctic Monkeys,80.56
YAH.,Kendrick Lamar,80.45
Hits from the Bong,Cypress Hill,80.43
Redstripe Rhapsody,LAUSSE THE CAT,80.0
I'm Old Fashioned,John Coltrane,79.84
Why Why Why Why Why,SAULT,79.56
Boss Sweet,Faux Real,78.9
Wszystko Ma Swój Czas,Perfect,78.55
Rivières,Requin Chagrin,78.37
Sémaphore,Requin Chagrin,78.28
Come to the Fore,Fellini Félin,78.25
Starry Night - Edit,Peggy Gou,77.99
Let It Happen,Tame Impala,77.93
Slipping Through My Fingers,ABBA,77.91
Gun Control,Molly Nilsson,77.53
deep in it,berlioz,77.43
Hiéroglyphes,Pépite,77.27
Dirty Harry,Gorillaz,76.81
Dancing Queen,ABBA,76.8
Déjà vu,Requin Chagrin,76.75
Odprowadź,Mela Koteluk,76.72
RUNITUP (feat. Teezo Touchdown),"Tyler, The Creator",76.52
Mogło być nic,Kwiat Jabłoni,76.43
On the Level,Mac DeMarco,75.88
Breezeblocks,alt-J,75.69
505,Arctic Monkeys,75.43
Footprints - Remastered,Wayne Shorter,74.96
Gold Digger,Kanye West,74.74
Righteous Minds,Joey Bada$$,74.68
Spadochron,Mela Koteluk,74.58
MASSA,"Tyler, The Creator",74.57
Ms. Fat Booty,Mos Def,74.52
Big Poppa - 2005 Remaster,The Notorious B.I.G.,74.22
highway 95,Baby Keem,74.02
Deszcz,The Dumplings,73.95
This Night Has Opened My Eyes - 2011 Remaster,The Smiths,73.84
Day 'N' Nite (Nightmare),Kid Cudi,73.75
Show Me,Joey Bada$$,73.46
"Palace/Curse (feat. Tyler, The Creator & Steve Lacy)",The Internet,73.34
Party And Bullshit,The Notorious B.I.G.,73.24
Far Away Place - Rampa Remix,Xinobi,73.11
PartyIsntOver/Campfire/Bimmer (feat. Frank Ocean & Laetitia Sadier),"Tyler, The Creator",73.08
Tak ... Tak ... To Ja,Obywatel G.C.,73.0
Żurawie origami,Mela Koteluk,72.93
Coco Channel,LAUSSE THE CAT,72.5
Jars of It,Steve Lacy,72.25
Cyber PRL,Vito Bambino,72.13
Mrs Magic,Strawberry Guy,72.06
"After The Storm (feat. Tyler, The Creator & Bootsy Collins)",Kali Uchis,71.83
SUPRO,Daria Zawiałow,71.81
Playground,Steve Lacy,71.27
Out of Me Head,Steve Lacy,70.53
Settimana Bianca,Il Pagante,70.47
Nothing Burns Like The Cold,Snoh Aalegra,69.97
"I Ciebie też, bardzo (feat. Daria Zawiałow, Dawid Podsiadło & Vito Bambino)",Męskie Granie Orkiestra,69.89
She's My Collar (feat. Kali Uchis),Gorillaz,69.85
Bitwa,L.U.C.,69.74
Weekend (feat. Miguel),Mac Miller,69.7
SIRENS,Travis Scott,69.63
Ear,Deluxe,69.59
Into Black,Blouse,69.41
"It's Only Music, Baby",Kid Francescoli,69.39
RC,Requin Chagrin,68.82
Caught Their Eyes,JAY-Z,68.71
WILSHIRE,"Tyler, The Creator",68.68
L'amour,Miel De Montagne,68.67
WHAT'S GOOD,"Tyler, The Creator",68.54
Dreamhorse,Still Corners,68.52
summer on the inside,warner case,68.39
"Call It Fate, Call It Karma",The Strokes,68.26
Molasses (feat. RZA),Earl Sweatshirt,68.22
Babie Lato,L.U.C.,68.2
SUGAR,BROCKHAMPTON,68.18
Home,Vacations,67.9
Rich Spirit,Kendrick Lamar,67.83
Shut up My Moms Calling - (Sped Up),Hotel Ugly,67.76
Mikey and the Frogs,Hotel Ugly,67.52
I Think I Left the Stove On,Hotel Ugly,67.5
Golden Cage,The Whitest Boy Alive,67.45
Snooze,SZA,67.27
Frank,The Dumplings,67.22
Divenire,Ludovico Einaudi,67.04
California Dreamin',Bobby Womack,66.99
Ciao rubello,Requin Chagrin,66.96
IGOR'S THEME,"Tyler, The Creator",66.9
London Calling - Remastered,The Clash,66.83
Meanwhile In Berlin,Molly Nilsson,66.78
Sunder,Hibou,66.66
Miasto Słońca - Lech Music 2020,Albo Inaczej,66.65
Give Me Love - 1977,Cerrone,66.38
Profite - Kazy Lambist Remix,Moi Je,66.23
Love Her Madly,The Doors,66.16
I Do - Vandelux Remix,DRAMA,65.52
"Home (Metro Boomin & Don Toliver, Lil Uzi Vert)",Metro Boomin,65.11
Billie Toppy,Men I Trust,65.1
Tessellate,alt-J,64.8
Does Your Mother Know,ABBA,64.48
Let Me Go,SAULT,64.47
Time Flies,Drake,64.31
Jarmark,L.U.C.,64.27
Mieć czy być,Myslovitz,64.05
Free Lunch,Isaiah Rashad,64.01
Plants,Crumb,63.97
Mona Lisa's Smile,Molly Nilsson,63.53
Rape Me,Nirvana,63.5
"Warszawa, ja i ty",Kwiat Jabłoni,63.26
Me and Your Mama,Childish Gambino,63.2
4real,Steve Lacy,63.12
"Say, Can You Hear",Men I Trust,63.08
Let Go,Duskus,63.02
Should I Stay or Should I Go - Remastered,The Clash,63.0
Them Changes,Thundercat,62.82
Walking On A Dream,Empire of the Sun,62.6
Les promesses,Requin Chagrin,62.44
Your Teeth In My Neck,Kali Uchis,62.31
Blueface,Kaz Bałagane,62.08
Z imbirem,Kortez,61.86
Come On Closer - (Dub Version) Prod. by Roberto Ferrante - 2020 Remaster,Pineapples,61.6
VIRUS - Odd Mob Remix,GEN.KLOUD,61.59
SPARKS & ASHES,The Blaze,61.33
November,Max Richter,61.21
Calvin,Miel De Montagne,61.16
Over the Moon,The Marías,60.97
meet me in brooklyn,Yaya Bey,60.92
Forrest Gump,Frank Ocean,60.76
GENOCIDE,Lil Darkie,60.63
In Lust We Trust,Steve Lacy,60.39
Seven Days Walking / Day 5: Golden Butterflies,Ludovico Einaudi,60.17
If You Want Me to Stay,Sly & The Family Stone,60.16
My Funny Valentine - Rudy Van Gelder Remaster 2007,Miles Davis Quintet,60.14
Eyes - Prod. by Roberto Ferrante - 2020 Remaster,Clio,59.97
PUPPET,"Tyler, The Creator",59.67
Pretty Girl,Clairo,59.45
Are You Bored Yet? (feat. Clairo),Wallows,59.34
Just A Stranger (feat. Steve Lacy),Kali Uchis,59.23
Mai,Videoclub,59.19
Fou,Requin Chagrin,59.03
HEAVEN BELONGS TO YOU,BROCKHAMPTON,59.0
Sugar,Men I Trust,58.77
Forgotten Souls,Mother Mother,58.58
Double Dreaming,Camp Claude,58.45
Cigarettes out the Window,TV Girl,58.3
If I Got It (Your Love Brought It),Aaron Frazer,58.06
Sous garantie,Malik Djoudi,57.93
Oncle Jazz,Men I Trust,57.88
Self Care,Mac Miller,57.52
Adélaïde,Requin Chagrin,57.45
"Money, Money, Money",ABBA,57.13
Some Girl (feat. Steve Lacy),GoldLink,57.04
Love Song (feat. Glasses),Kazy Lambist,56.96
Temptations,Jitwam,56.9
One Of The Girls,The Weeknd,56.89
Eternal Light,Free Nationals,56.87
zaraz wracam,Zalia,56.68
Z twarzą Marilyn Monroe,Myslovitz,56.42
Cette fille,Miel De Montagne,56.33
I Think I Should,Steve Lacy,56.2
SAD GIRLZ LUV MONEY (feat. Moliy & Kali Uchis) - Vigro Deep Amapiano Remix,Amaarae,56.14
You Are Too Beautiful,John Coltrane,56.09
Christine,Juniore,55.89
From the Subway Train,Vansire,55.68
Jukebox Joints (feat. Joe Fox & Kanye West),A$AP Rocky,55.66
Blissful Morning Dream Interpretation Melody,Discovery Zone,55.63
Black Lagoon,Still Corners,55.6
Dreams,Hey,55.59
For James,Pale Jay,55.36
Będziesz moją panią,Marek Grechuta,55.1
Całe Lata,Taco Hemingway,55.07
Super Rich Kids,Frank Ocean,55.03
Best Time,Brent Faiyaz,55.01
Basement Jack,Steve Lacy,54.91
You Ain't The Problem - Claptone Remix,Michael Kiwanuka,54.9
Inner City Blues (Make Me Wanna Holler),Marvin Gaye,54.62
Redbone,Childish Gambino,54.49
Because the Night,Patti Smith,54.32
This Charming Man - 2011 Remaster,The Smiths,54.31
Opendoors,Jitwam,54.03
🖋 Czarna karta (Dział Zagraniczny Reportaż#022),Dział Zagraniczny,53.8
The Lark,Mikhail Glinka,53.68
Zapusty,L.U.C.,53.67
Wish You Were Here,Pink Floyd,53.51
Needle (feat. Drake),Nicki Minaj,53.48
Hate CD,Steve Lacy,53.39
Miasto szczęścia,Miuosh,53.33
Cocky Girl,Steve Lacy,53.33
Passin' Me By,The Pharcyde,53.2
Hotel Room Service,Pitbull,53.12
W co mam wierzyć,Breakout,53.09
Vertiges,Malik Djoudi,53.06
Romanticist,Yves Tumor,53.05
Relax,Vacations,52.86
RIP Young,Isaiah Rashad,52.68
Berlin Lovers - 2023 Remaster,Still Corners,52.59
Experience,Ludovico Einaudi,52.57
"Sonata No. 14 ""Moonlight"" in C-Sharp Minor"", Op. 27 No. 2: I. Adagio sostenuto",Ludwig van Beethoven,52.57
Tesselation,Mild High Club,52.5
Sur Ma Bossa,Courrier Sud,52.3
II. Air,Johann Sebastian Bach,52.14
Mama's Boy,Dominic Fike,51.91
All Good Things (Come To An End),Nelly Furtado,51.86
"Bitch, Don’t Kill My Vibe",Kendrick Lamar,51.79
Zaopiekuj sie mną,Rezerwat,51.78
HOT WIND BLOWS (feat. Lil Wayne),"Tyler, The Creator",51.76
The Truth,Handsome Boy Modeling School,51.74
4 Pory,Hey,51.63
Paranoid (2009 - Remaster),Black Sabbath,51.5
Drôle d’histoire,Juniore,51.46
nuits d'été,Oscar Anton,51.27
Something About You,Eyedress,51.1
One Of The Girls - Slowed,The Weeknd,50.98
Celina,Miuosh,50.95
Les héros de Barbès,Juniore,50.74
The Winner Takes It All,ABBA,50.06
Collard Greens,ScHoolboy Q,49.99
Beautiful,Snoop Dogg,49.86
Passionfruit,Drake,49.82
Running Up That Hill (A Deal With God),Kate Bush,49.82
You Always Hurt The One You Love,Molly Nilsson,49.8
Silver Soul,Beach House,49.78
Skrable,PRO8L3M,49.73
Jericho,Flavien Berger,49.59
Runnin',The Pharcyde,49.38
Black Dog - Remaster,Led Zeppelin,49.23
Drop It Like It's Hot,Snoop Dogg,49.21
Fade Out,Still Corners,49.19
Matchboxy,PRO8L3M,49.17
CORSO,"Tyler, The Creator",48.83
W Deszczu Maleńkich Żółtych Kwiatów,Myslovitz,48.82
Goodie Bag,Still Woozy,48.8
Gimme! Gimme! Gimme! (A Man After Midnight),ABBA,48.77
The Message,Still Corners,48.75
Doing Yoga,Kazy Lambist,48.6
"The Voice of Q - 12"" Mix",Q,48.54
Soul to Squeeze,Red Hot Chili Peppers,48.26
Drogi proste,Kwiat Jabłoni,48.25
Rebel Yell,Billy Idol,48.09
EQUILIBRIUM,Darius,48.02
Hey Lover,The Daughters Of Eve,48.0
Strzały,Kaz Bałagane,47.73
Spokój,Męskie Granie Orkiestra,47.69
Moja i Twoja Nadzieja,Hey,47.66
Born To Die,Lana Del Rey,47.57
American Boy,Estelle,47.46
4:44,JAY-Z,47.42
The Real Slim Shady,Eminem,47.37
Count Me Out,Kendrick Lamar,47.27
The Passenger,Iggy Pop,47.23
Velvet Light,Jakob,47.2
Myszy i ludzie,Myslovitz,47.09
Kawalerka na Sprzedaż,Bitamina,46.93
Humble Bones,Labyrinth Ear,46.93
Heart-Shaped Box,Nirvana,46.86
But Beautiful,Stan Getz,46.81
Let's Get Blown,Snoop Dogg,46.78
Ryd,Steve Lacy,46.73
Die Trying,Key Glock,46.56
Fly,Ludovico Einaudi,46.49
Can I Call You Tonight?,Dayglow,46.46
No One Knows,Queens of the Stone Age,46.46
Hey You - 2011 Remastered Version,Pink Floyd,46.45
"Andante, Andante",ABBA,46.37
SWIM,Mild Minds,46.28
Biking,Frank Ocean,46.25
PRIDE.,Kendrick Lamar,46.19
Empire State Of Mind,JAY-Z,46.15
LUMBERJACK,"Tyler, The Creator",46.1
TERRITORY,The Blaze,46.06
Tumblr Girls (feat. Christoph Andersson),G-Eazy,46.05
Heart Of Glass - Special Mix,Blondie,45.96
Time,Hans Zimmer,45.93
A-Punk,Vampire Weekend,45.92
Sunflower (feat. Steve Lacy),Vampire Weekend,45.87
Pass Me By,Sharon Jones & The Dap-Kings,45.79
Time Moves Slow,BADBADNOTGOOD,45.64
BLEACH,BROCKHAMPTON,45.53
Orchid (2009 - Remaster),Black Sabbath,45.52
Chateau (Feel Alright),Djo,45.36
List,Hey,45.32
MANIFESTO (feat. Domo Genesis),"Tyler, The Creator",45.15
A Great Design,Black Marble,45.14
The Chain - 2004 Remaster,Fleetwood Mac,45.04
"Hen, hen",Mela Koteluk,45.01
Hello?,Clairo,45.01
Heartbeat,Childish Gambino,44.97
L’after,Miel De Montagne,44.96
The Passion,Jaden,44.95
Our Last Summer,ABBA,44.94
The Pretender,Foo Fighters,44.9
Glue,Bicep,44.86
Days,The Drums,44.85
Don't Forget About Me,CLOVES,44.81
"Nocturne en Mi Bémol Majeur, Op. 9 No. 2",Frédéric Chopin,44.74
Mountain Time,Molly Nilsson,44.67
"Clair de Lune, L. 32",Claude Debussy,44.67
Campbell,redveil,44.61
Dream On,Aerosmith,44.6
Que la nuit,Juniore,44.48
Hush - 1998 Remaster,Deep Purple,44.47
People Help the People,Birdy,44.34
fxck it then,Yaya Bey,44.31
Śmierć W Bikini,Republika,44.12
Karma Police,Radiohead,44.01
Don't You (Forget About Me),Simple Minds,43.84
D'yer Mak'er - Remaster,Led Zeppelin,43.79
Ivy,Frank Ocean,43.78
Life,Ludovico Einaudi,43.78
LEMONHEAD (feat. 42 Dugg),"Tyler, The Creator",43.66
Psycho Killer - 2005 Remaster,Talking Heads,43.57
Pyor,Darius,43.53
Music Sounds Better With You - Radio Edit,Stardust,43.48
Can I Kick It?,A Tribe Called Quest,43.41
Ulek i Dawcia,Vito Bambino,43.37
Cookie Chips,Rejjie Snow,43.32
Moon (And It Went Like),Kid Francescoli,43.27
Chciwość,L.U.C.,43.19
Something Cool - Mono,June Christy,43.15
Maneater,Nelly Furtado,43.15
Don't Explain,Nina Simone,43.12
Creep - Acoustic,Radiohead,43.11
Faces,Crumb,43.1
doyouwannabemine?,warner case,43.08
Alysson,Requin Chagrin,43.02
The Masquerade Is Over,Nancy Wilson,43.02
I Want To Break Free - Single Remix,Queen,43.0
Glimmer,Tame Impala,42.94
That's That Shit,Snoop Dogg,42.94
Solo,Frank Ocean,42.9
You Know I'm No Good,Amy Winehouse,42.82
Mimo Wszystko,Hey,42.76
Vertigo,ANOTR,42.75
Bed Peace,Jhené Aiko,42.68
MSQ No-Extra,Black Marble,42.67
Colors,Black Pumas,42.65
3 Days,Rhye,42.62
Theme From Schindler's List,John Williams,42.62
Beds Are Burning - Remastered,Midnight Oil,42.61
"RAF (feat. A$AP Rocky, Playboi Carti, Quavo, Lil Uzi Vert & Frank Ocean)",A$AP Mob,42.57
Sacrum,Mezo,42.51
People Everyday - Metamorphosis Mix,Arrested Development,42.47
Lovely Day,Bill Withers,42.43
Podobno,Magda Kluz,42.41
Starman - 2012 Remaster,David Bowie,42.38
Say You Love Me Too,Jonathan Bree,42.35
Roddy,Djo,42.16
Super Trouper,ABBA,42.14
She Sells Sanctuary,The Cult,42.09
Brazil,Declan McKenna,42.05
Sunflower,Rex Orange County,42.04
Sober,Childish Gambino,42.0
Six Blade Knife,Dire Straits,42.0
Tak naprawdę,club2020,41.97
Happiness Does Not Wait,Ólafur Arnalds,41.94
Always Then,The KVB,41.9
Egyptian Luvr,Rejjie Snow,41.89
Dlugość dźwięku samotności,Myslovitz,41.84
Witchy Woman - 2013 Remaster,Eagles,41.81
Delilah (pull me out of this),Fred again..,41.78
Self Control,Frank Ocean,41.61
Versace,Westside Gunn,41.56
Under Pressure - Remastered 2011,Queen,41.41
Lullaby - Remastered,The Cure,41.36
My Name Is,Eminem,41.34
Swimming Pools (Drank),Kendrick Lamar,41.3
Kraków,Myslovitz,41.27
Piękna degrengolada,Nosowska,41.21
DEAD MAN WALKING,Brent Faiyaz,41.18
If I Ruled the World (Imagine That) (feat. Lauryn Hill),Nas,41.1
Self Control,Laura Branigan,41.07
Electric (feat. Khalid),Alina Baraz,41.05
I'm Still Wearing His Jacket,Molly Nilsson,41.04
WUSYANAME (feat. Youngboy Never Broke Again & Ty Dolla $ign),"Tyler, The Creator",40.96
Psalm dla ciebie - Live,Piotr Rubik,40.93
Film,KARAŚ/ROGUCKI,40.86
You Sexy Thing,Hot Chocolate,40.82
The Player,Kid Francescoli,40.75
Wytrzymam,Pola Rise,40.66
Take A Chance On Me,ABBA,40.66
Can We Still Be Friends?,Barry Can't Swim,40.58
It Had To Be You,Billie Holiday,40.57
Gangsta's Paradise,Coolio,40.42
Espoir,Darius,40.37
"Knowing Me, Knowing You",ABBA,40.32
Boom Biddy Bye Bye,Cypress Hill,40.19
LOYALTY. FEAT. RIHANNA.,Kendrick Lamar,40.06
leavemealone,Fred again..,40.04
Kryzysowa narzeczona,Lady Pank,40.01
Drogowskazy,Michał Madajczyk,40.0
Kobiety By Bukowski,Kasia Lins,40.0
Heavenly Mother,Pip Millett,39.96
Czas który pozostał,Artur Rojek,39.96
Everybody Loves The Sunshine,Roy Ayers Ubiquity,39.94
Stumblin' In - 2017 Remaster,Chris Norman,39.94
Wet Dreamz,J. Cole,39.88
Die Hard,Kendrick Lamar,39.84
Suga Suga,Baby Bash,39.84
Mniej niż zero,Lady Pank,39.81
Don't Shut Me Down,ABBA,39.8
Didn't Cha Know,Erykah Badu,39.79
Evil Ways,Santana,39.75
bad idea!,girl in red,39.73
"Sos, Ciuchy I Borciuchy",Kaz Bałagane,39.63
Just the Two of Us,"Grover Washington, Jr.",39.52
Nie Kłami - Live,Dawid Podsiadło,39.43
It Makes You Forget (Itgehane) - Edit,Peggy Gou,39.36
Hack3d By GH05T 2.0,PRO8L3M,39.35
If I Should Lose You,Nina Simone,39.29
2080,Malik Djoudi,39.28
Thrift Shop (feat. Wanz),Macklemore & Ryan Lewis,39.27
Do For Love,2Pac,39.17
QUEENS,The Blaze,39.11
Bars. 16,Steve Lacy,39.09
3005,Childish Gambino,39.04
Mło(dość),Lor,38.99
"Valerie - Live At BBC Radio 1 Live Lounge, London / 2007",Amy Winehouse,38.96
Je T’appelle,Miel De Montagne,38.95
Money,The Drums,38.94
Controller,Blouse,38.92
It Never Rains in Southern California,Albert Hammond,38.92
"Rêverie, L. 68",Claude Debussy,38.9
Run To You,Bryan Adams,38.88
Deszcz,L.U.C.,38.84
Mirage,Orion Sun,38.75
Melancholie,Ralph Kaminski,38.68
Belle Bouteille,LAUSSE THE CAT,38.67
White Gold,Labyrinth Ear,38.65
Me And I,ABBA,38.65
World Wide Web,PRO8L3M,38.61
Two of Hearts,Stacey Q,38.59
Intergalactic - Remastered 2009,Beastie Boys,38.58
Trouble,Cage The Elephant,38.58
Dałeś mi pierścień,Mira Kubasinska,38.47
The Caliphate (feat. Vince Staples),Earl Sweatshirt,38.45
Can't Get You out of My Head,Kylie Minogue,38.44
Bylam Roza (A Rose Was I) (Ero Una Rosa),Kayah,38.43
intro,Yaya Bey,38.39
Topdown,Channel Tres,38.34
drive ME crazy!,Lil Yachty,38.3
Działać bez działania,Mela Koteluk,38.3
BREATH,The Blaze,38.24
Both Of Us - Edit,Jayda G,38.24
Amoeba,Clairo,38.15
Don't Go To Strangers,Etta Jones,38.06
"Young, Wild & Free (feat. Bruno Mars)",Snoop Dogg,38.02
Nienawiść,Myslovitz,37.96
Bad Girls,M.I.A.,37.92
Let You Down,Dawid Podsiadło,37.84
Skin Tight (feat. Steve Lacy),Ravyn Lenae,37.83
Marabout,Juniore,37.79
Techno Show,Peach Pit,37.77
Cień,Szczyl,37.77
They Don't Love It,Jack Harlow,37.76
Forever,PRO8L3M,37.76
On & On,Erykah Badu,37.69
Electric Relaxation,A Tribe Called Quest,37.69
Over the Hills and Far Away - Remaster,Led Zeppelin,37.68
Byłominęło,Kwiat Jabłoni,37.63
Take on Me,a-ha,37.55
Dla Ciebie,Myslovitz,37.53
Amour plastique,Videoclub,37.51
Personal Jesus - Single Version,Depeche Mode,37.49
Nice For What,Drake,37.46
The Fall,Rhye,37.45
C’est Dur,Miel De Montagne,37.4
"Goldberg Variations, BWV 988: Aria da capo",Johann Sebastian Bach,37.36
Cracking,Crumb,37.33
Let It Go,Erick the Architect,37.27
Been Away,Brent Faiyaz,37.27
Jusqu’à L’aube,Miel De Montagne,37.27
Go Your Own Way - 2004 Remaster,Fleetwood Mac,37.27
Satisfied - Edit,Catching Flies,37.22
Wosk,Baasch,37.22
Part III,Crumb,37.15
Down Under,Men At Work,37.05
Only Girl,Kali Uchis,37.03
TRap/Hip Hopster,Kaz Bałagane,36.93
Behind Blue Eyes,The Who,36.9
Szarość i Róż,Dawid Podsiadło,36.88
"Czy uciekać, czy się bać",Czułe punkty,36.85
Little Lies - 2017 Remaster,Fleetwood Mac,36.84
Toi Et Moi,Paradis,36.81
Rock and Roll - Remaster,Led Zeppelin,36.76
On And On And On,ABBA,36.71
Clouded,Brent Faiyaz,36.71
Nad nami,PRO8L3M,36.66
Tiramisu,PRO8L3M,36.65
Ciche dni,Kaśka Sochacka,36.61
Muñekita (with El Alfa & JT),Kali Uchis,36.61
D I A B L E,Dawid Podsiadło,36.58
Just Can’t Get Enough,Black Eyed Peas,36.57
Ni**as In Paris,JAY-Z,36.56
HEAVEN,The Blaze,36.55
In the Middle of the Night,Still Corners,36.52
Brexit,Rémi Parson,36.5
"Hey Baby (Uhh, ahh)",Anton,36.46
SHE,The Blaze,36.44
Śmiało,PAULA ROMA,36.42
Une autre vie,Iliona,36.4
Midas,Maribou State,36.39
Wildflowers,Zimmer,36.33
Kometa,Kwiat Jabłoni,36.32
Zermatt,Kamaliza,36.25
Jest tylko teraz,Męskie Granie Orkiestra,36.22
What U Need,The Silhouettes Project,36.14
adore u,Fred again..,36.14
More,Jan Blomqvist,36.12
Evergreen (You Didn’t Deserve Me At All),Omar Apollo,36.11
Arms Tonite,Mother Mother,36.11
To nie był film,Myslovitz,36.11
Peggy Brown,Myslovitz,36.08
Granda,Brodka,36.07
"Mówię ci, że",Kwiat Jabłoni,36.06
4 Ever,Good Luck,36.0
One Of The Girls - Sped Up,The Weeknd,35.99
Scar Tissue,Red Hot Chili Peppers,35.98
Plus le même,Miel De Montagne,35.96
I Follow You,Melody's Echo Chamber,35.93
New Gold (feat. Tame Impala and Bootie Brown),Gorillaz,35.86
Show Me How (Album V),Men I Trust,35.85
PLACES,The Blaze,35.8
Uknowhowwedu,Bahamadia,35.8
"GRAVITY (FEAT. TYLER, THE CREATOR)",Brent Faiyaz,35.78
Hummer,Steve Lacy,35.76
Great Adventures,Boldy James,35.75
eXplosion,PRO8L3M,35.74
Cold Cold Cold,Cage The Elephant,35.73
Jagna,L.U.C.,35.73
You,Étienne de Crécy,35.72
CAN'T GET OVER YOU (feat. Clams Casino),Joji,35.69
Gnossienne: No. 1,Erik Satie,35.69
One Of The Girls - Instrumental,The Weeknd,35.68
Hate Yourself,TV Girl,35.63
Water,Tyla,35.62
Syn okiennika,Kacperczyk,35.61
She Stole My Heart,Ark Woods,35.58
LOVE. FEAT. ZACARI.,Kendrick Lamar,35.57
A Burning Hill,Mitski,35.55
Mamma Mia,ABBA,35.54
Hayloft,Mother Mother,35.54
Days of Dust,Molly Nilsson,35.52
Miniówa,Kukon,35.52
Poison,Brent Faiyaz,35.5
Flary,PRO8L3M,35.49
YKWIM?,Yot Club,35.46
Call Me,Blondie,35.43
Na Kolana,Kasia Cerekwicka,35.42
The King Has Lost His Crown,ABBA,35.42
Erik Satie: Gymnopédie No. 1,Pyotr Godunov,35.42
Boskie Buenos - 2011 Remaster,Maanam,35.39
Money Mitch,Kaz Bałagane,35.38
Going to California - Remaster,Led Zeppelin,35.36
Look What You Made Me Do,Taylor Swift,35.31
Castles,Freya Ridings,35.31
Heart To Heart,Mac DeMarco,35.19
Didn't I,Darondo,35.18
Lady in Black (Alternate Version),Uriah Heep,35.17
Heartless,Kanye West,35.17
Frisk,Black Marble,35.1
Then Came the Last Days of May,Blue Öyster Cult,35.09
La route,Juniore,35.08
Maddy La Nuit,Flavien Berger,35.07
Born To Be Wild,Steppenwolf,35.06
Hey Joe,Jimi Hendrix,35.03
School's Out,Alice Cooper,35.02
Poland,Ólafur Arnalds,35.0
Blue Moon,Billie Holiday,34.93
Blue World,Mac Miller,34.91
Black Night - 1995 Remaster,Deep Purple,34.9
Out of My League,Fitz and The Tantrums,34.9
Illusions - Harpsichord Mix,Cypress Hill,34.87
Pet Sematary,Ramones,34.85
Varsovie,Brodka,34.84
Nie lubię Cię,Dawid Podsiadło,34.83
How Long Have You Been Away?,kryptogram,34.76
Vamos a la Playa,Righeira,34.75
Au Baccara,Odezenne,34.75
Milionerek Skit,Kaz Bałagane,34.74
Lovesong - Remastered,The Cure,34.71
Co i tak nadejdzie,SKUBAS,34.67
Lithium,Labyrinth Ear,34.66
Re-Fleksje,Pezet,34.65
Good Life,Kanye West,34.5
Be Where I Am,Metroplane,34.48
Chłopaki,Dawid Tyszkowski,34.46
The Piper,ABBA,34.42
My Type,Saint Motel,34.4
Dust in the Wind,Kansas,34.38
Nisko jest niebo (prod. Auer),Pezet,34.31
Sunday (feat. Frank Ocean),Earl Sweatshirt,34.3
Any Colour You Like - 2011 Remastered Version,Pink Floyd,34.3
Memories (with Olivia Merilahti),Moodoïd,34.28
N95,Kendrick Lamar,34.28
I Hope to Be Around,Men I Trust,34.26
Live Without Your Love (with Steve Lacy),Love Regenerator,34.19
Mother,Danzig,34.14
Petit garçon,Miel De Montagne,34.13
Belles sueurs,Malik Djoudi,34.11
"BOYFRIEND, GIRLFRIEND (2020 Demo) (feat. YG)","Tyler, The Creator",34.06
Hey Boy (feat. Kali Uchis),Omar Apollo,34.05
Merle hagard,Thousand,34.05
[sic!],Hey,34.03
Pewne serce,The Dumplings,34.0
Clairvoyance,Requin Chagrin,33.98
Tokyo (współczesny),Pezet,33.97
Try Your Wings,Blossom Dearie,33.96
JUVENILE,The Blaze,33.95
Can't Take My Eyes off You,Frankie Valli,33.95
RISE! (feat. DAISY WORLD),"Tyler, The Creator",33.93
Everyone Adores You (at least I do),Matt Maltese,33.86
Renaissance,Pépite,33.85
"Paint It, Black",The Rolling Stones,33.71
Des nuits de ça,Since Charles,33.7
Pourquoi pas,Miel De Montagne,33.63
2Gether (Enterlude),Steve Lacy,33.62
Slowdown,Brad stank,33.59
Skinny Love,Birdy,33.51
Première vague,Requin Chagrin,33.49
where's the confetti?,jev.,33.49
Wild World,Yusuf / Cat Stevens,33.43
PSS-380,Requin Chagrin,33.39
Dancing People Are Never Wrong,Jan Blomqvist,33.25
Wounds of Love,Nation of Language,33.2
Walk On By,Thundercat,33.19
Trafalgar Square,Lor,33.12
Panama,Sports,33.09
Le métro et le bus,Lewis OfMan,33.09
Crush (feat. Anaïs Demoustier),Requin Chagrin,33.08
Riot!,Earl Sweatshirt,33.07
Bit By Bit,Mother Mother,33.06
Teardrops,NEIL FRANCES,33.06
Music Sounds Better with You,NEIL FRANCES,33.05
Heartless,The Weeknd,33.04
I Can't Handle Change,Roar,33.04
I Got Love,Mother Mother,33.0
Valse De Marimón,Etienne Balestre,33.0
Phantom,Vestron Vulture,33.0
Adieu mon homme,Pomme,33.0
Cocktails for Two - Remastered,Betty Carter,32.99
Uptown Girl,Billy Joel,32.95
Truth,Molly Nilsson,32.93
Miami,Will Smith,32.93
Un amour au super u,Lewis OfMan,32.92
DOPAMINE,Mild Minds,32.91
On You,Kazy Lambist,32.9
Donchano,Steve Lacy,32.9
I Should Care,Julie London,32.86
Poszłabym za tobą,Breakout,32.77
Lies in the Eyes of Love,Part Time,32.73
4r Da Squaw,Isaiah Rashad,32.69
A Sunday Kind Of Love,Etta James,32.69
Knee Socks,Arctic Monkeys,32.6
Brejdaki,Kacperczyk,32.58
"I Do, I Do, I Do, I Do, I Do",ABBA,32.55
What You Were,The Drums,32.55
Renegades,X Ambassadors,32.53
Running Away,Thee Sacred Souls,32.51
Headshots (4r da Locals),Isaiah Rashad,32.5
Reservoir,Metronomy,32.46
Anything,TOPS,32.44
Who Is He (And What Is He to You)?,Bill Withers,32.4
On Division St,Nation of Language,32.37
Navajo,Masego,32.36
Hanoï café,Bleu Toucan,32.35
Do I Make You Feel Shy?,Connan Mockasin,32.34
Seems Like,Thee Sinseers,32.34
Animal Machines,Part Time,32.33
midnight love,girl in red,32.32
Relax le plexus,Miel De Montagne,32.3
Nobody,Mitski,32.24
Muka - Version 2017,Hey,32.24
Don't Stop - 2004 Remaster,Fleetwood Mac,32.22
Wires,The Neighbourhood,32.18
Bonfire,Childish Gambino,32.16
Goodbye Yellow Brick Road - Remastered 2014,Elton John,32.14
i'll die anyway.,girl in red,32.1
All My Life,ODESZA,32.04
Scenariusz dla moich sąsiadów,Myslovitz,32.04
Lucifer,JAY-Z,32.01
VCR Romance,Vestron Vulture,32.0
Judas Effect,Vestron Vulture,32.0
Roxanne,The Police,31.99
Hasta Manana,ABBA,31.98
FE!N (feat. Playboi Carti),Travis Scott,31.95
Reste avec moi,Pépite,31.87
Condemned to Be Freaky,Brad stank,31.81
Uno,Pépite,31.8
Pleasant,SebastiAn,31.74
Coming Home,A-Trak,31.71
Baby Baby,Noizu,31.68
Black Qualls,Thundercat,31.64
Jethro,Thundercat,31.63
Permis b bébé,Miel De Montagne,31.63
Où tu es,Malik Djoudi,31.59
Peach Fuzz,"Tyler, The Creator",31.57
Real Love Baby,Father John Misty,31.55
Nie całuj,Julia Wieniawa,31.52
an Interlude Called “Circus” (feat. Eryn Allen Kane),Saba,31.49
Street Talkin',Slick Rick,31.47
All Night,Men I Trust,31.41
Love Is The Way,Thee Sacred Souls,31.35
No More Mr. Nice Guy,Alice Cooper,31.32
Bleu fuchsia,Odezenne,31.3
Nauczysz się czekać (prod. Auer),Pezet,31.26
W Materiale,Kaz Bałagane,31.12
Body And Mind,girl in red,31.11
Oogum Boogum Song,Brenton Wood,31.09
Claymore (feat. Smino),Isaiah Rashad,31.03
Zanim Zrozumiesz,Varius Manx,31.02
Dead Weight,Jack Stauber,31.02
DNA.,Kendrick Lamar,30.99
Błąd,Łona I Webber,30.99
Trop Vite,Miel De Montagne,30.99
Border Line,King Krule,30.98
Love/Paranoia,Tame Impala,30.96
$10,Good Morning,30.93
April In Paris,Billie Holiday,30.93
Let's Do It,Eartha Kitt,30.91
Oh Klahoma,Jack Stauber,30.87
Chase It,The Silhouettes Project,30.86
Lost Ones,Ms. Lauryn Hill,30.84
Ring Ring - English Version,ABBA,30.79
Le sens du sens,Ricky Hollywood,30.76
Useless,Omar Apollo,30.76
Walking In The Dark,Metronomy,30.74
Miłosny Opętaniec,L.U.C.,30.73
My Heart Belongs to Daddy,Eartha Kitt,30.66
What You Need,KAYTRANADA,30.63
Les jours tristes - Instrumental,Yann Tiersen,30.58
Amoureuse,Clio,30.52
Fenomenalny,Szczyl,30.44
Du Lundi au Vendredi,Gwendoline,30.44
Bagaże,PRO8L3M,30.41
Pastempomat,Dawid Podsiadło,30.38
Change,Lipka,30.38
No Surprises,Radiohead,30.35
Dragonball Durag,Thundercat,30.32
J'y peux rien,Miel De Montagne,30.3
Rose,Requin Chagrin,30.3
Retreat!,Crumb,30.28
Partout,TRENTE,30.28
Soulful Strut,Young-Holt Unlimited,30.18
good will hunting,schafter,30.17
Przytomna,Nosowska,30.15
I'm Eighteen,Alice Cooper,30.13
There Will Never Be Another You - Vocal Version,Chet Baker,30.1
Miodek,Kaz Bałagane,30.09
Szafa,Kaz Bałagane,30.02
At Last,Etta James,29.95
Killer Queen - Remastered 2011,Queen,29.93
leavemealone - Nia Archives Remix,Fred again..,29.91
In Your Eyes,BADBADNOTGOOD,29.89
Danger,Malik Djoudi,29.88
Kryzys Wieku Wczesnego,Kacperczyk,29.87
Got Time For Me (with Channel Tres),Jamie Jones,29.84
Rose In A Glass,Provoker,29.82
Chabo,Guzior,29.79
Lava Lamp,Thundercat,29.76
Slumber Party (feat. Princess Nokia),Ashnikko,29.73
Afraid To Feel,LF SYSTEM,29.68
o tobie,Faustyna Maciejczuk,29.67
Vis la,Malik Djoudi,29.67
Awkward,SZA,29.67
Godspeed,Frank Ocean,29.65
SAFARI,"Tyler, The Creator",29.62
Homage,Mild High Club,29.58
Fool That I Am,Etta James,29.53
HUMBLE.,Kendrick Lamar,29.5
Infinitesimal,Mother Mother,29.47
Boję się o Ciebie,Kaśka Sochacka,29.47
Si tu m'aimes demain,Iliona,29.34
Dog Nightmare,Jack Stauber,29.28
Stand by Me,Ben E. King,29.25
Bad Religion,Frank Ocean,29.24
Nuits sans sommeil,Clea Vincent,29.23
Dans le noir,Juniore,29.22
Until It Doesn’t Hurt,Mother Mother,29.2
Somebody to Love,Jefferson Airplane,29.14
Petals,TOPS,29.09
Les bateaux,Pépite,29.08
The Swan,Camille Saint-Saëns,29.06
Lets Go Surfing,The Drums,29.05
World Domination,Joey Bada$$,29.04
Spooky,Dusty Springfield,28.9
Waitin' for the Bus - 2006 Remaster,ZZ Top,28.88
90's Jennifer,Vestron Vulture,28.88
Good Old-Fashioned Lover Boy - Remastered 2011,Queen,28.86
It Could Happen to You,Chet Baker,28.86
Fall Down,Crumb,28.83
HONEST,Baby Keem,28.78
Damselfly,Loyle Carner,28.78
You Are the Right One,Sports,28.75
"All My Joy, All My Pain",Fabrizio Paterlini,28.7
YourLove,Logic1000,28.69
Ananas,Kaz Bałagane,28.67
Białe kwiatki,Sonia Zając,28.63
hot coffee,schafter,28.63
Śmierć,L.U.C.,28.61
Bijatyka,L.U.C.,28.47
Purple Haze,Jimi Hendrix,28.47
Beggin',Frankie Valli & The Four Seasons,28.44
Too Close,Sir Chloe,28.43
zabić drozda,Ania Szlagowska,28.42
"Requiem in D minor, K.626: 3. Sequentia: Lacrimosa",Wolfgang Amadeus Mozart,28.4
Italia,UNDERGRUNN,28.38
I Bet on Losing Dogs,Mitski,28.37
Control,Emmit Fenn,28.33
Old Downtown,Camp Claude,28.32
Antidote,Orion Sun,28.3
Easy Easy,King Krule,28.28
Stereo,Elephanz,28.26
V8,PRO8L3M,28.25
Bad Reputation,Joan Jett & the Blackhearts,28.2
When Sunny Gets Blue - Remastered,Nancy Wilson,28.17
Waterloo,ABBA,28.16
"13 Pieces for Piano, Op. 76: II. Etude",Jean Sibelius,28.13
Yesterday,Loyle Carner,28.11
Stevie Doesn't Wonder,Hotel Ugly,28.1
Mazur Weselny,L.U.C.,28.09
t r a n s p a r e n t s o u l feat. Travis Barker,WILLOW,28.07
are you feeling sad?,sunflwr,28.06
Walk You Home,Sir Chloe,28.06
Résonances,Constance Amiot,28.05
Verbatim,Mother Mother,28.05
WWA NA KXKSIE,Yung Adisz,27.96
Teach Me Tonight,Dinah Washington,27.92
Saatchi,Malik Djoudi,27.88
Mary Had a Little Lamb,Stevie Ray Vaughan,27.83
Find a Topic (homies begged),Isaiah Rashad,27.78
Asc. Scorpio,Oracle Sisters,27.77
Undercover Martyn,Two Door Cinema Club,27.76
Porque te vas,Clio,27.75
no way !,Yot Club,27.74
Nikes on My Feet,Mac Miller,27.7
"My Piano, The Clouds",Fabrizio Paterlini,27.7
These Boots Are Made for Walkin',Nancy Sinatra,27.69
Rider,Mereba,27.65
Léon,Reymour,27.64
JUGGERNAUT (feat. Lil Uzi Vert & Pharrell Williams),"Tyler, The Creator",27.61
It's Easy To Remember,John Coltrane Quartet,27.59
Hero,Frank Ocean,27.58
Swim and Sleep (Like a Shark),Unknown Mortal Orchestra,27.54
Sunny,Bobby Hebb,27.51
Back To Life,Mother Mother,27.5
Hotel Members Unite,Hotel Ugly,27.41
True Killer,Sneaks,27.41
Show Me The Way To Go Home,Julie London,27.34
Nathan (still breathing),Fred again..,27.33
Je dors dans tes bras,Fabio Viscogliosi,27.31
Wycinanki,L.U.C.,27.31
Salope d'amour,Odezenne,27.27
Action Figures Fighting,Hotel Ugly,27.24
Ave Maria,Charles Gounod,27.21
Ho Hey,The Lumineers,27.19
Tranz,Gorillaz,27.1
Hey Lover!,Wabie,27.09
Somebody Told Me,Måneskin,27.08
Cry to Me,Hailey Tuck,27.04
Build Me Up Buttercup (Mono),The Foundations,27.04
rises the moon,Liana Flores,26.99
Vamos a la Playa,Loona,26.97
Whole Lotta Love - 1990 Remaster,Led Zeppelin,26.96
"Trouble, Heartaches & Sadness",Ann Peebles,26.9
The Next Episode,Dr. Dre,26.87
Zima – Nisko Słonko,L.U.C.,26.78
Bowlly Goes Dancing Drunk into the Future,Loving,26.76
I Love You So,The Walters,26.71
Only If,Night Tales,26.67
Alleluja,L.U.C.,26.63
4EVER,Clairo,26.6
Breakfast In America - 2010 Remastered,Supertramp,26.56
Living Loving Maid (She's Just a Woman) - Remaster,Led Zeppelin,26.55
Down the Line,Beach Fossils,26.54
Light Me Up,Birdy,26.54
People Everywhere (Still Alive),Khruangbin,26.5
Seniorita (Gorąca Krew),Pezet,26.43
Miljon,Domowe Melodie,26.25
Chłodno,Stach Bukowski,26.18
Colossus,"Tyler, The Creator",26.17
Vertige,Clio,26.16
Chyba,Hey,26.15
151 Rum,JID,26.13
"Swan Lake, Op. 20, TH 12 / Act II: No. 14 Scène (Moderato)",Pyotr Ilyich Tchaikovsky,26.08
A Pearl,Mitski,26.02
16,Baby Keem,26.01
Chaczapuri,Kaz Bałagane,25.94
Get Got,Death Grips,25.89
Remember When,Wallows,25.86
Für Hildegard von Bingen,Devendra Banhart,25.84
I Put A Spell On You,Nina Simone,25.84
Nienawiść,L.U.C.,25.74
Kill Bill,SZA,25.66
For What It's Worth,Buffalo Springfield,25.62
Slip Away,Clarence Carter,25.61
Me & Mr Jones,Amy Winehouse,25.53
Zgon,Myslovitz,25.5
OVERDOSE,MATVEÏ,25.5
La maison,La Belle Vie,25.5
Backstage,PRO8L3M,25.45
What a Pleasure,Beach Fossils,25.45
"Cello Suite No. 1 in G Major, BWV 1007: I. Prélude",Johann Sebastian Bach,25.38
I Want a Little Sugar In My Bowl,Nina Simone,25.35
It Almost Worked,TV Girl,25.33
Darkness,Sean Nicholas Savage,25.32
Tearz,El Michels Affair,25.32
Dumb,Nirvana,25.32
Lights Go Down,Drinks On Me,25.31
summer depression,girl in red,25.28
ridin' round the town w czyims bel air,schafter,25.27
Dread In My Heart,Mother Mother,25.25
Dangerous (feat. Kid Cudi),ScHoolboy Q,25.1
La Fat Fur,Devonté Hynes,25.1
Apocalypse,Cigarettes After Sex,25.1
Why Worry,Isaiah Rashad,25.09
How To Listen To This Album,Stereoclip,25.08
London Rain,Kukon,25.07
Language,Paperboy Fabe,25.06
"Honey, Honey",ABBA,25.05
Electrocution,Automatic,25.02
Work Out,J. Cole,24.96
And I Love Her - Remastered 2009,The Beatles,24.95
Francis Forever,Mitski,24.95
Rocko's Slippin',Hector Gachan,24.84
"Waltz in A Minor, Op. Posth., B. 150",Frédéric Chopin,24.8
Sierra Leone,Frank Ocean,24.79
What Are You So Afraid Of,Videoclub,24.57
Ecstasy,Fabich,24.54
tom & jerry,schafter,24.48
Hey Now - When I Give You All My Lovin',Romare,24.47
III. Urn,Childish Gambino,24.46
Daddy Blue,Brad stank,24.44
Players (with David Guetta) - David Guetta Remix,Coi Leray,24.4
Sleep Apnea,Beach Fossils,24.38
Immigrant Song - Remaster,Led Zeppelin,24.38
Don't Cry Baby,Etta James,24.37
One of the Girls,Otha,24.35
Break on Through (To the Other Side),The Doors,24.31
Little Wing,Jimi Hendrix,24.29
Daze,Steve Lacy,24.28
Ogrody Po Blantach,Kukon,24.27
Restless Bones,Disco Lines,24.26
Point sensible,Malik Djoudi,24.25
Paralyzed,Glaring,24.23
Hiphopkryta,Szczyl,24.19
White,Blouse,24.14
cirque du soleil,schafter,24.12
"4:30 (piosenka z filmu ""Kamienie na szaniec"")",Dawid Podsiadło,24.03
Wednesday,Good Morning,23.95
Oppsie,Good Morning,23.74
Why Didn't You Stop Me?,Mitski,23.66
"The Way Old Friends Do - Live At Wembley Arena, London, England / 1979",ABBA,23.63
Tak mi źle - Tylko wróć,Wojciech Gassowski,23.59
Guide,Steve Lacy,23.59
Prawdy nie mówi nikt,PRO8L3M,23.57
Damage,Automatic,23.52
Gad,Brodka,23.52
Out Of Your League,Blood Orange,23.49
Hurts Me,Tory Lanez,23.47
Fortunate Son,Creedence Clearwater Revival,23.46
"Comptine d'un autre été, l'après-midi",Yann Tiersen,23.46
welcome and goodbye,"Dream, Ivory",23.44
Give Me The Simple Life,Lorez Alexandria,23.42
Make Your Own Kind Of Music,Cass Elliot,23.36
Why,Dominic Fike,23.32
Multi Pochette,Kaz Bałagane,23.32
sex money feelings die,Lykke Li,23.31
Fine Madeline,Plums,23.29
WHATS POPPIN,Jack Harlow,23.29
Ecstasy - Mixed,Fabich,23.26
Southern Star,Gregory Alan Isakov,23.21
Добрая Мелодия,PERMSKY KRAY,23.2
How It Feels,Barry Can't Swim,23.16
Another Dose (feat. Mick Jenkins),Gamblers,23.13
Lovin On Me,Jack Harlow,23.07
Lesson Learnt,Aaron Taylor,23.07
Daddy Haze,Vito Bambino,23.05
Who Knows,Marion Black,23.04
Tush - 2006 Remaster,ZZ Top,22.99
Let's Twist Again,Chubby Checker,22.89
Smoke Hole - Edit,Sad Night Dynamite,22.79
Glue,Black Sea Dahu,22.75
You Know You're Right,Nirvana,22.66
La valse d'Amélie,Yann Tiersen,22.65
Honeypie,JAWNY,22.6
Weeping Willow,Mild High Club,22.58
on & on,piri,22.56
Srebrna Sukienka,Kaz Bałagane,22.55
End,Frank Ocean,22.43
Blitzkrieg Bop - 2016 Remaster,Ramones,22.41
I Get Around (Mono),The Beach Boys,22.4
Idea 10,Gibran Alcocer,22.4
Orpheus Under the Influence,The Buttertones,22.35
Why Don't You,Cleo Sol,22.33
You Really Got Me,The Kinks,22.32
Wounds Itch When They Heal,Molly Nilsson,22.24
Wondrous Place,Drug Store Romeos,22.21
Katharsis,L.U.C.,22.2
"Chopin: 24 Preludes, Op. 28: No. 4 in E Minor",Frédéric Chopin,22.09
The Song,Steve Lacy,22.08
Kłamca kłamca,PRO8L3M,22.07
Delta,The Cassino,22.0
Resonance - Slowed,TheExorcist,21.71
Explosion Ech poleczko - DNSQ Remix,Kalwi & Remi,21.68
A Lady,Tally Hall,21.66
"Love, of Money",MAVI,21.59
Rollercoaster Baby,Mild High Club,21.55
Wishing,Alexis Ffrench,21.49
Obrazy Pollocka (prod. Auer),Pezet,21.46
Luv tu da max,Vito Bambino,21.46
Valentina,Dreamer Isioma,21.44
Washing Machine Heart,Mitski,21.37
Just A Little Bit,Etta James,21.36
Byłeś we śnie tylko,Breakout,21.32
One of Those Feelings,Classik,21.31
Darkseid,Isaiah Rashad,21.1
Eleanor Rigby - Remastered 2009,The Beatles,21.09
Wiosna,The Cassino,21.06
Whatcha Gonna Do,The Valdons,21.04
River Flows In You,Yiruma,20.89
fukumean,Gunna,20.88
Le volcan qui dort,Ojos,20.88
SUNDOWN,Jack Harlow,20.87
Body Dysmorphia,Eyedress,20.85
Unbothered,Omar Apollo,20.83
"I Love You, Fine",Automatic,20.79
Water,BAYNK,20.76
The Drowned Girl - Edit,Yann Tiersen,20.5
Odwilż,L.U.C.,20.48
Intro 29th Street,Jimmy Whoo,20.43
Byłaś Ze Mną Wczoraj,Szczyl,20.35
Silence,CHATON,20.28
Sirius,The Alan Parsons Project,20.22
Numb,Men I Trust,20.13
Ulysses and the Sea,Papooz,20.09
Recently Played,Crumb,20.08
Good Looking,Suki Waterhouse,20.06
Blue Sheen,Provoker,19.75
Plaisir,Lewis OfMan,19.67
Funny Thing,Thundercat,19.44
May 1st,Beach Fossils,19.35
Day Dreamin,Vacations,19.24
Zegar,Kaz Bałagane,19.16
She Just Won't Believe Me,Tame Impala,19.06
Kung Fu Fighting,Carl Douglas,19.02
6 Five Heartbeats (feat. Vince Staples),The Alchemist,19.02
Agora Hills,Doja Cat,18.98
Hidden In the Sand,Tally Hall,18.83
"Vivaldi Variation (Arr. for Piano from Concerto for Strings in G Minor, RV 156)",Antonio Vivaldi,18.73
Hold On - Remastered 2010,John Lennon,18.67
4am,girl in red,18.48
Gossip,Tame Impala,18.47
Tes petites fesses,LYNN,18.37
Aprildear,Cipher 月光密,18.32
Come As You Are,Nirvana,18.25
Dancing In the Dark,Bruce Springsteen,17.99
Rumble,Skrillex,17.99
Riot,XXXTENTACION,17.98
Like a Tattoo,Sade,17.95
Polka,L.U.C.,17.72
"Cisza, ja i czas - Version 2017",Hey,17.71
Lake Missoula,Richy Mitch & The Coal Miners,17.71
Heavy Heart,Pity Party (Girls Club),17.58
tryb księżyc,Hubert.,17.58
"The Fly who couldn't Fly straight (feat. Tyler, The Creator)",Westside Gunn,17.53
LIMB,Planet Giza,17.47
S.O.S,Kasia Cerekwicka,17.43
Are You Gone Already,Nicki Minaj,17.39
Zaręczyny,L.U.C.,17.2
Out of Bounds,Malcolm Todd,16.76
Lovin' Feeling,French 79,16.7
Ocean Prime (feat. Boldy James),The Alchemist,16.65
Sen o Warszawie - 1980,Niemen,16.54
How Soon Is Now? - 2011 Remaster,The Smiths,16.53
Pain,PinkPantheress,16.42
Pętla - Intro,KIWI,16.34
Simulation Swarm,Big Thief,16.04
JestemSam,WaluśKraksaKryzys,16.02
ON THE RIVER,Offset,16.0
Golden Girls,Devendra Banhart,15.99
Curls,Madvillain,15.92
I've Never Been There,Yann Tiersen,15.85
100 High Street,Earl Sweatshirt,15.82
NO SECRET (feat. Drake),DJ Khaled,15.78
DHL,Frank Ocean,15.76
435,"Tyler, The Creator",15.64
Au début,LE NOISEUR,15.6
FEELS RIGHT,Darius,15.48
Addicted To You,Avicii,15.33
Antek,L.U.C.,15.31
Sayuri's Theme,John Williams,15.25
Looks,Steve Lacy,15.24
Tic Toc,Mother Mother,15.24
OH! TENGO SUERTE,Masayoshi Takanaka,15.15
Still Smokin,Snoop Dogg,15.12
Never Going Home,Kungs,14.97
3AM,Thundercat,14.91
Heavy Days,Still Corners,14.84
TUCA DONKA (Slowed + Reverb),CURSEDEVIL,14.16
White,Frank Ocean,14.03
High School Poem,The Knife,13.95
Loungin',Guru,13.78
Love 2 Fast,Steve Lacy,13.69
TELEKINESIS (feat. SZA & Future),Travis Scott,13.54
Fuck Love,XXXTENTACION,13.53
Mind Yourself,Alela Diane,13.39
Papierowe Skrzydła,Myslovitz,13.38
Intolewd,Matt Maltese,13.33
Just Take My Wallet,Jack Stauber's Micropop,13.32
Fuccboi Lullaby,LAUSSE THE CAT,13.32
Body on Fire,Dillistone,13.25
The Party & The After Party - Original,The Weeknd,13.18
Intro,Iliona,13.1
Drzewa,Mela Koteluk,12.98
Hey Man,Brodka,12.15
WHEN U COME AROUND,Spencer.,12.0
A Bird's Last Look,Macabre Plaza,11.93
"C.R.E.A.M. (Cash Rules Everything Around Me) (feat. Method Man, Raekwon, Inspectah Deck & Buddha Monk)",Wu-Tang Clan,11.9
MOMMA TALK,"Tyler, The Creator",11.82
Rico,MellowHype,11.7
Wszystko w HD,Bitamina,11.57
Heavenly,Cigarettes After Sex,11.38
Summer In Warsaw,Koscielski,10.96
Tayla (every night),Fred again..,10.92
Alright,Kendrick Lamar,10.85
feel away (feat. James Blake & Mount Kimbie),slowthai,10.79
Hello Welcome,HOMESHAKE,10.71
Rush,Troye Sivan,10.67
This Is America,Childish Gambino,10.64
Sonic Skit,Oki,10.63
Polynesia,Gazzelle,10.54
Antarctica,Colin Stetson,10.4
Dizzy Ear,Lyricless,10.34
Apocalypse,J Lloyd,10.21
ostatnia nadzieja,sanah,10.08
Hookers,Tierra Whack,10.0
Novacane,Frank Ocean,9.95
Coffee,Jack Stauber's Micropop,9.81
Si un jour,La Femme,9.72
Pianissimo,Cristobal Tapia De Veer,9.66
BLESSED,"Tyler, The Creator",9.61
Dust It Off,The Dø,9.56
If It Wasn't For The Nights,ABBA,9.43
Wieczór nad rzeką zdarzeń,Andrzej Zaucha,9.38
La mer est calme,Ben Mazué,9.28
Sedona,Sir Chloe,9.08
Substitution (feat. Julian Perretta),Purple Disco Machine,8.65
High and Dry,Radiohead,8.26
A LOT TO LOSE,24kGoldn,8.09
Rich Baby Daddy (feat. Sexyy Red & SZA),Drake,7.88
A&W,Lana Del Rey,7.85
Madison,Kaśka Sochacka,7.53
Thangs,Steve Lacy,7.47
Big Jet Plane,Angus & Julia Stone,7.43
Vogue,Madonna,7.15
Lost,RSCL,7.13
Wszystkie narkotyki świata,Myslovitz,7.08
Lenistwo,PRO8L3M,6.99
Song 2 - 2012 Remaster,Blur,6.89
I Forgot To Be Your Lover,William Bell,6.68
Dorex,Kaz Bałagane,6.5
Ti Sento,Matia Bazar,6.33
Wola,Nene Heroine,5.82
LUST.,Kendrick Lamar,5.81
Plastic Beach (feat. Mick Jones and Paul Simonon),Gorillaz,5.76
Sweet Life,Frank Ocean,5.53
Weird Fishes/ Arpeggi,Radiohead,5.32
Too Many Nights (feat. Don Toliver & with Future),Metro Boomin,5.16
Alejandro,Lady Gaga,5.13
Horses,Brodka,4.88
EXACTLY WHAT YOU RUN FROM YOU END UP CHASING,"Tyler, The Creator",4.88
Nikes,Frank Ocean,4.85
Creepin' (with The Weeknd & 21 Savage),Metro Boomin,4.76
Co z tobą mała,Irena Santor,4.71
Still,Loyle Carner,4.7
Hold Me Closer,Elton John,4.62
My Song,Labi Siffre,4.28
Tlen,Dawid Tyszkowski,4.24
BFF,bambi,4.16
Les Vitrines,Kid Francescoli,4.16
Brooklyn Baby,Lana Del Rey,4.15
Heaven Takes You Home (feat. Connie Constance),Swedish House Mafia,4.13
Kto zabił,Czułe punkty,4.11
Priorytety,Paktofonika,3.92
Outside Woman Blues,Cream,3.91
Overflowing,Thee Sacred Souls,3.89
Runaway,Kanye West,3.81
L'Amour Toujours,Gigi D'Agostino,3.72
Who Am I (What’s My Name)?,Snoop Dogg,3.4
Careless Whisper,George Michael,3.37
Sweet Caroline - Single Version,DJ Ötzi,3.29
GAMES ON YOUR PHONE,24kGoldn,3.11
De ma Tour,Reymour,3.1
Empire Ants (feat. Little Dragon),Gorillaz,3.09
Clouds,BUNT.,2.98
Dlaczego nas tam nie ma,Bemibem,2.86
Griechischer Wein,Udo Jürgens,2.86
Abracadabra,Steve Miller Band,2.71
Mama Laudaaa,Almklausi,2.7
Always Like This,Bombay Bicycle Club,2.63
SLOW DANCING IN THE DARK,Joji,2.55
Dziś późno pójdę spać,Kwiat Jabłoni,2.53
Drinkin',Joel Corry,2.48
Skyfall,Adele,2.47
Love Lost,Mac Miller,2.46
Thinkin Bout You,Frank Ocean,2.45
Myśl pozytywnie,Sokół,2.44
Na co mi to,Dominik Dudek,2.41
Smoke On The Water - Remastered 2012,Deep Purple,2.33
Dziewczyna z Biblioteki,Kukon,2.13
Raport na dziś - 15 listopada 2023,Raport o stanie świata Dariusza Rosiaka,2.08
Big Klamoty,Sandra S,2.07
FACE,BROCKHAMPTON,2.06
Little Things x Gypsy Woman - L BEATS MASHUP,Jorja Smith,2.05
Strangers,Kenya Grace,1.97
Maneater,Daryl Hall & John Oates,1.9
Luiza,Breakout,1.78
Makeba - Ian Asher Remix,Jain,1.77
Marechià,Nu Genea,1.74
Mgła,Kaz Bałagane,1.69
False flag,PRO8L3M,1.65
Beige,Terrace Martin,1.64
Bennie And The Jets - Remastered 2014,Elton John,1.62
Atemlos durch die Nacht,Helene Fischer,1.61
Ingunn,Warsaw Village Band,1.35
Sobie i Wam,Męskie Granie Orkiestra,1.35
"Czuję, więc jestem?",Daniel Godson,1.35
Kryzys,Mezo,1.31
Nothing's Gonna Hurt You Baby,Cigarettes After Sex,1.3
LIS (PRO8L3M remix),Dawid Podsiadło,1.28
CHORRITO PA LAS ANIMAS,Feid,1.28
Sunshine (My Girl),Wuki,1.17
Trade of Hearts,Thee Sacred Souls,1.13
Fantazja,Zbigniew Wodecki,1.1
Jak z wrażliwością odbierać sztukę? Gość: Justyna Stasiek-Harabin - Minerva,Sztuka Poza Ramami,1.09
Dwuzłotówki Dancing,Taco Hemingway,1.08
No Mistakes,Kanye West,1.07
The Great Gig In The Sky - 2011 Remastered Version,Pink Floyd,1.06
Fake Plastic Trees,Radiohead,0.98
Overture Of Foxy Brown,Willie Hutch,0.96
MY HOUSE,Beyoncé,0.93
Wings (I Won't Let You Down),Armand Van Helden,0.92
Padam Padam,Kylie Minogue,0.8
Too Many Tears,Durand Jones & The Indications,0.79
"Hey Baby (Uh, Ah)",Orquesta Poncela,0.79
Je te laisserai des mots,Patrick Watson,0.77
Lady Love,Thee Sacred Souls,0.75
Yokohama,PRO8L3M,0.73
Stairway to Heaven - Remaster,Led Zeppelin,0.7
My Girl,The Temptations,0.57
Dolce Vita,Ryan Paris,0.52
Body Moving,Eliza Rose,0.51
Les Fleurs,Minnie Riperton,0.51
Move On Up,Curtis Mayfield,0.5
Jak Disney,PRO8L3M,0.48
Kill Bill,Daria ze Śląska,0.48
Indigo Night,Tamino,0.48
50 Tysiecy 881,Smolik,0.46
Pantyhose,TV Girl,0.44
Rule The World (Everybody),Tiësto,0.44
Na Paryskie Getto Pada Deszcz,Taco Hemingway,0.43
I Remember - John Summit Remix,deadmau5,0.42
Co stało się kwiatom,Breakout,0.42
Psalm kochania - Live,Piotr Rubik,0.4
Czarodzieje,Skaldowie,0.4
Mary Jane's Last Dance,Tom Petty and the Heartbreakers,0.39
Gniewna piosenka Muminka o lecie,Nasza Basia kochana,0.38
Wymyśliłem Ciebie,Dzamble,0.38
(It Goes Like) Nanana - Edit,Peggy Gou,0.37
Insane in the Brain,Cypress Hill,0.36
Ocalić od zapomnienia,Marek Grechuta,0.35
moje przemyślenia o religii,banał,0.35
"the age of indulgence, a talk with dr. lembke (revisit) [video]",anything goes with emma chamberlain,0.34
Za ostatni grosz,Budka Suflera,0.34
Your Best American Girl,Mitski,0.34
#297: oddech jako narzędzie do lepszego życia,Karolina Sobańska,0.33
Opowiadaj mi tak,Zbigniew Wodecki,0.33
Niemiłość 2,Mikromusic,0.32
Absentee,Cass McCombs,0.3
Pan Nie Jest Moim Pasterzem,Maria Peszek,0.3
Mort / Fine,Vendredi sur Mer,0.3
Czarno-czarny film,Mira Kubasinska,0.28
Wszystkie stworzenia duże i małe (feat. Ewa Bem),Andrzej Zaucha,0.27
Opalony Cham,Kaz Bałagane,0.26
Kukła w środku lasu? Koszmarne grzybobranie | Strach Story S01E01,Strach Story ,0.26
Kicy Bidy I Bokha,Kayah,0.26
Nikt,Lor,0.26
Opuść moje sny,Dzamble,0.25
Dzisiaj Jeszcze Tańczę,Wczasy,0.24
Kropelka egoizmu,Renata Lewandowska,0.24
Jeszcze będzie przepięknie,Tilt,0.23
Le Départ,Adi Oasis,0.23
Pakman,Myslovitz,0.22
Pomaluj moje sny,Breakout,0.21
Jutro Spróbujemy Jeszcze Raz,KARAŚ/ROGUCKI,0.21
Podaruj mi trochę słońca,Bemibem,0.21
To trop,Mela Koteluk,0.21
Usta me ogrzej,Breakout,0.21
Powiedzmy to,Breakout,0.2
trójkąt - S2. E6. | Janusz Panasewicz,trójkąt ,0.2
Blue Lights,Jorja Smith,0.2
G-spot,Pink Freud,0.2
Na drugim brzegu tęczy,Breakout,0.2
Tieduprightnow,Parcels,0.19
Lato tego roku,Renata Lewandowska,0.19
Till the Wheels Fall Off,Macabre Plaza,0.18
Przytul mnie,Kombi,0.18
Jesteś Najlepszy,Wczasy,0.18
Kiedy byłem małym chłopcem,Breakout,0.18
Chmurka,Lady Pank,0.18
Woes,Tom Rosenthal,0.18
2009,Ralph Kaminski,0.18
A może by,Transport Band,0.17
Mięsień - Oxford Drama Remix,Tęskno,0.17
Bezpieczny Lot,KARAŚ/ROGUCKI,0.17
Czułość niosę tobie,Breakout,0.17
Ukryte,Myslovitz,0.16
odpływam,Zalia,0.16
"Mówię ci, że",Tilt,0.16
Haitańskie drzewa,SKUBAS,0.16
J*bię To Wszystko,Maria Peszek,0.16
Matce ziemi,Limboski,0.16
Każda z nas,The Dumplings,0.16
Panny mego dziadka,Zbigniew Wodecki,0.16
Jestem Bogiem,Paktofonika,0.15
Ohne Dich (schlaf' ich heut Nacht nicht ein),Münchener Freiheit,0.15
Alexander,Myslovitz,0.15
Zapytam ptaków,Breakout,0.14
How Do I Make You Love Me?,The Weeknd,0.14
Nigdy w życiu nie jest tak,Bemibem,0.12
Sypialnia,Kukon,0.12
Przyszła do mnie bieda,Breakout,0.11
Pull Me Up,Mary Komasa,0.11
Partyjka,Zbigniew Wodecki,0.11
Baila Ella,Young Leosia,0.1
Bad Company - Edit,Purple Disco Machine,0.1
predykcje na social media w 2024 - jak zostać twórcą?,sara cwalina,0.09
#404 – Lee Cronin: Controversial Nature Paper on Evolution of Life and Universe,Lex Fridman Podcast,0.09
Pan ten,KIWI,0.08
Hey Baby,Bruce Channel,0.07
"Bla, Bla, Bla",Perfect,0.04
Obracam W Palcach Złoty Pieniądz,Perfect,0.03
22. Nowy rząd Tuska / Braun gasi chanukiję,Program Polityczny,0.03
tropikana,Nastroje,0.03
The Love Club,Lorde,0.0
Wish You Were Here - 2011 Remaster,Pink Floyd,0.0
Twice Your Size,Declan McKenna,0.0
Everything In Its Right Place,Radiohead,0.0
