trackName,artistName,TotalMinutes
Hotter Than Hell,Dua Lipa,1114.99
...Ready For It?,Taylor Swift,1042.14
Wierność jest nudna,Natalia Kukulska,1031.36
Cruel Summer,Taylor Swift,1013.4
Can’t Catch Me Now - from The Hunger Games: The Ballad of Songbirds & Snakes,Olivia Rodrigo,825.98
Mine (Taylor's Version),Taylor Swift,821.43
Nicea,PRO8L3M,692.06
Is It Over Now? (Taylor's Version) (From The Vault),Taylor Swift,638.75
Lovin On Me,Jack Harlow,632.63
Mickey Mouse,pik pik,458.84
"You're On Your Own, Kid",Taylor Swift,443.89
How You Get The Girl (Taylor's Version),Taylor Swift,385.57
Si No Estás,iñigo quintero,357.45
I Don’t Wanna Live Forever (Fifty Shades Darker),ZAYN,319.99
This Love (Taylor’s Version),Taylor Swift,310.63
Rush,Troye Sivan,306.83
Najgorszy finał imprezy w akademiku | 270.,Kryminatorium,293.03
exes,Tate McRae,236.97
Bigger Than Me,Louis Tomlinson,227.05
jak czytać ludzi?,sara cwalina,224.87
What's Up Danger (with Black Caviar),Blackway,223.8
Part Of Me,Katy Perry,216.23
Maria,Justin Bieber,207.33
Beside You,5 Seconds of Summer,198.31
Ocean Drive,Duke Dumont,184.66
Where We Are,mc's kako,156.67
Say Don't Go (Taylor's Version) (From The Vault),Taylor Swift,155.82
bad idea right?,Olivia Rodrigo,153.95
"One Of The Girls (with JENNIE, Lily Rose Depp)",The Weeknd,153.08
Bad Blood (feat. Kendrick Lamar) (Taylor's Version),Taylor Swift,125.67
Lost Me,Giveon,125.01
Paint The Town Red,Doja Cat,120.78
Don’t Blame Me,Taylor Swift,118.76
Style,Taylor Swift,116.51
The Color Violet,Tory Lanez,113.77
I Knew You Were Trouble (Taylor's Version),Taylor Swift,110.89
ZAKOCHANE PARY XD,Qry,110.81
The Other Side,Jason Derulo,110.68
She's Not Afraid,One Direction,109.42
Single Soon,Selena Gomez,109.24
greedy,Tate McRae,107.53
PASEK PLAYBOYA,MIÜ,107.2
Ghostface Killers (feat. Travis Scott),21 Savage,107.07
All Of The Girls You Loved Before,Taylor Swift,104.11
Met Him Last Night,Demi Lovato,103.71
Money Mouf,Tyga,101.35
Hot N Cold,Katy Perry,97.45
IT GIRL,Aliyah's Interlude,91.38
Love Story (Taylor’s Version),Taylor Swift,88.9
No Control,One Direction,87.85
Last Christmas,Wham!,87.82
Into You,Ariana Grande,85.19
"Santa, Can’t You Hear Me",Kelly Clarkson,80.88
Driving Home for Christmas,Chris Rea,80.07
"The First 2 Hours: 4 Tips to Be Productive, Not Busy",Career Contessa,76.83
vampire,Olivia Rodrigo,76.73
Don't Forget Where You Belong,One Direction,76.27
Christmas Tree Farm,Taylor Swift,76.01
Bartier Cardi (feat. 21 Savage),Cardi B,73.94
Creepin' (with The Weeknd & 21 Savage),Metro Boomin,73.84
Merry Christmas Everyone,Shakin' Stevens,73.39
Hotel Maffija 3,SB Maffija,73.05
Shameless,Camila Cabello,72.9
MILLIE WALKY,bambi,72.36
Boomerang,The Hourglass Effect,70.07
Can't Fight This Feeling,Sophie Ellis-Bextor,69.03
Santa's Coming for Us,Sia,68.85
Forever,Chris Brown,68.24
Story of My Life,One Direction,67.61
Santa Baby,Kylie Minogue,67.52
Wide Awake,Katy Perry,67.48
Bring Me Love,John Legend,66.52
People You Know,Selena Gomez,65.24
Ready to Run,One Direction,63.68
All Too Well (10 Minute Version) (Taylor's Version) (From The Vault),Taylor Swift,63.39
Element,Pop Smoke,63.25
Feather,Sabrina Carpenter,62.32
co to za bluza lanek?,SB Maffija,61.97
JEREMY SOCHAN,Oki,61.12
Mistletoe,Justin Bieber,60.98
Feliz Navidad,José Feliciano,60.79
Sleigh Ride,The Ronettes,60.42
Better Than Words,One Direction,59.72
Please Come Home for Christmas - 2013 Remaster,Eagles,59.15
Sleigh Ride,Ella Fitzgerald,58.66
Strangers,Kenya Grace,58.53
Luv / Drugz,K A R L,57.69
Oops (I'm Sorry),Lost Kings,57.65
Santa Claus Is Coming to Town,Michael Bublé,57.03
White Christmas,Daughter of the Moon,55.9
Happily,One Direction,54.17
Steal My Girl,One Direction,54.12
Foolish One (Taylor’s Version) (From The Vault),Taylor Swift,51.96
Beauty And A Beat,Justin Bieber,50.86
Fight For This Love,Cheryl,50.85
Alive,One Direction,50.57
3500 (feat. Future & 2 Chainz),Travis Scott,48.75
let it snow,blondette,48.33
Snowman,Sia,48.29
a lot,21 Savage,48.1
Tapout,Rich Gang,47.43
Little White Lies,One Direction,46.74
Parapetówa,SB Maffija,46.05
You're the Only Good Thing In My Life,Cigarettes After Sex,45.86
Rudolph The Red-Nosed Reindeer,Dean Martin,45.25
Side To Side,Ariana Grande,44.98
Prada,cassö,44.77
I'll Be Home for Christmas,Michael Bublé,44.74
"Santa Claus Is Comin' to Town - Live at C.W. Post College, Greenvale, NY - December 1975",Bruce Springsteen,44.6
Solo,Future,44.33
Hello,NateTaylorr,44.32
Frosty The Snowman,Ella Fitzgerald,43.91
Tumblr Girls (feat. Christoph Andersson),G-Eazy,43.76
IDGAF (feat. Yeat),Drake,43.43
BUTTERFLY EFFECT,Travis Scott,43.41
Thank God It's Christmas,Queen,43.2
8 O 8,J€AN-MARC,42.94
silent night,blondette,42.67
Happy Xmas (War Is Over),Céline Dion,42.45
Party Monster,The Weeknd,42.07
Bad Blood,Taylor Swift,41.81
Deszcz na betonie,Taco Hemingway,41.62
Bad Bunny,SB Maffija,41.6
This Christmas,Christina Aguilera,41.47
The Lighthouse Keeper,Sam Smith,41.25
End of the Day,One Direction,41.05
"Medley: Joy to the World / O Come, All Ye Faithful / Hark! the Herald Angels Sing / O Holy Night",Rasa Vitkauskaite,40.91
Where Have You Been,Rihanna,40.45
Take Me To Church,Hozier,40.43
Christmas Lights,Coldplay,40.42
Escapism. - Sped Up,RAYE,40.26
Wolves,One Direction,40.26
Man On the Moon,The Hourglass Effect,40.25
22 (Taylor's Version),Taylor Swift,40.15
we 3 kings,blondette,40.12
SOS,Rihanna,39.82
California Gurls,Katy Perry,39.66
"Witness Me (feat. Shawn Mendes, Stormzy & Kirk Franklin)",Jacob Collier,39.52
Circo Loco,Drake,39.47
Tongue Tied (with YUNGBLUD & blackbear),Marshmello,39.28
Dandelions,Ruth B.,39.22
Club Can't Handle Me (feat. David Guetta),Flo Rida,39.09
Getaway Car,Taylor Swift,39.07
Drunk Me,Mitchell Tenpenny,38.89
Blank Space,Taylor Swift,38.64
Last Friday Night (T.G.I.F.),Katy Perry,38.55
This Christmas,Donny Hathaway,38.53
Payphone,Maroon 5,38.53
Underneath the Tree,Kelly Clarkson,38.41
Teenage Dream,Katy Perry,37.96
One Shot,JLS,37.88
CUFF IT,Beyoncé,37.76
Teenage Dirtbag,Wheatus,37.44
Still into You,Paramore,37.36
Red (Taylor's Version),Taylor Swift,37.31
Chicago Freestyle (feat. Giveon),Drake,36.75
I'll Be Home,Meghan Trainor,36.62
Everything About You,One Direction,36.42
Wrapped in Red,Kelly Clarkson,36.28
Own It (feat. Ed Sheeran & Burna Boy),Stormzy,36.12
I Should Have Kissed You,One Direction,35.99
Through the Dark,One Direction,35.86
Happy Xmas (War Is Over) - Remastered 2010,John Lennon,35.72
golden hour,JVKE,35.54
Lonely This Christmas,Mud,35.53
Starlight,Dave,35.32
Grown-Up Christmas List,Jordan Smith,35.24
Have Yourself a Merry Little Christmas,Daughter of the Moon,35.23
Christmas Time Is Here,Brett Eldredge,35.15
Company,Justin Bieber,35.07
Back To You - From 13 Reasons Why – Season 2 Soundtrack,Selena Gomez,34.65
WHAT U CALL THAT,Chase Atlantic,34.64
It's Beginning to Look a Lot like Christmas,Michael Bublé,34.61
I Need You Christmas,Jonas Brothers,34.34
We Found Love,Rihanna,34.03
Santa Tell Me,Ariana Grande,34.02
Lonely Heart,5 Seconds of Summer,34.0
Walking in the Wind,One Direction,33.95
Lush Life,Zara Larsson,33.82
Girl Almighty,One Direction,33.79
Beautiful Liar,Beyoncé,33.59
I Would,One Direction,33.49
Like It's Christmas,Jonas Brothers,33.48
Rock Me,One Direction,33.46
Why Won’t You Love Me,5 Seconds of Summer,33.43
Oh Santa! (feat. Ariana Grande & Jennifer Hudson),Mariah Carey,33.41
Physical,Dua Lipa,33.36
Blinding Lights,The Weeknd,33.34
Nothing Without You,The Weeknd,33.11
One Thing,One Direction,33.0
The Box,Roddy Ricch,32.99
One Last Time,Ariana Grande,32.99
All Night,The Vamps,32.94
Afterglow,Taylor Swift,32.83
Elle est bonne sa mère,Vegedream,32.81
Paris,Taylor Swift,32.71
Dance The Night - From Barbie The Album,Dua Lipa,32.65
Up All Night,One Direction,32.53
Everyday,Ariana Grande,32.47
Illusion,One Direction,32.4
The Spectre,Alan Walker,32.3
Me And My Broken Heart,Rixton,32.29
Trance (with Travis Scott & Young Thug),Metro Boomin,32.1
Drag Me Down,One Direction,32.09
Diana,One Direction,32.06
The Christmas Song (Merry Christmas To You),Nat King Cole,32.03
Best Song Ever,One Direction,31.85
"break up with your girlfriend, i'm bored",Ariana Grande,31.74
Maybe You’re The Problem,Ava Max,31.72
Daddy Issues,Demi Lovato,31.66
Treat You Better,Shawn Mendes,31.37
SICKO MODE,Travis Scott,31.28
I Wanna Be Yours,Arctic Monkeys,31.27
AIN'T GONNA ANSWER,NLE Choppa,31.24
Christmas Kaboom,Naeleck,31.16
Strong,One Direction,30.98
Ferrari,James Hype,30.76
All I Want For Christmas Is You,Dan Millward,30.46
Cozy Little Christmas,Katy Perry,30.42
Replay,Iyaz,30.38
I Saw Mommy Kissing Santa Claus,The Jackson 5,30.36
Still The One,One Direction,30.36
Prometazyna,SB Maffija,30.22
I Kissed A Girl,Katy Perry,30.14
I Want to Write You a Song,One Direction,29.84
Troublemaker (feat. Flo Rida),Olly Murs,29.81
Midnight Memories,One Direction,29.65
Santa Baby,Ariana Grande,29.37
I'm Good (Blue),David Guetta,29.34
"Baby, It's Cold Outside (feat. Meghan Trainor)",Brett Eldredge,29.16
Silver Bells,Daughter of the Moon,28.88
Dark Red,Steve Lacy,28.85
NNAN,Young M.A,28.82
Pump It Up - Radio Edit,Danzel,28.73
The Lost Soul Down,NBSPLV,28.66
Stockholm Syndrome,One Direction,28.51
Have Yourself A Merry Little Christmas,Sam Smith,28.49
Joy To The World,Nat King Cole,28.33
Karma,Taylor Swift,28.31
Someday At Christmas,Stevie Wonder,28.14
Luxury,Azealia Banks,28.02
Czarna Perła,SB Maffija,27.95
Where Have You Been - Sped Up,Ren0wned,27.94
NIE MA CIĘ,Fukaj,27.9
Christmas (Baby Please Come Home),Darlene Love,27.85
Last Christmas,Dan Millward,27.8
Run Rudolph Run,Chuck Berry,27.62
Do You Hear What I Hear? - Remastered 2006,Bing Crosby,27.61
Magic,One Direction,27.5
"C'mon, C'mon",One Direction,27.45
why are you here,Machine Gun Kelly,27.43
Sunroof,Nicky Youre,27.17
Confident,Demi Lovato,26.98
Overdue (with Travis Scott),Metro Boomin,26.28
It's Beginning to Look a Lot Like Christmas (with Mitchell Ayres & His Orchestra),Perry Como,25.99
Merry Christmas Baby,Otis Redding,25.93
love is embarrassing,Olivia Rodrigo,25.87
O.E.O (Our Eyes Only),Omarion,25.73
Meltdown,Niall Horan,25.51
eyes don't lie,Isabel LaRosa,25.36
YOSEMITE,Travis Scott,25.01
Summer Jam - Blondee & Roberto Mozza Remix,The Underdog Project,24.98
What Christmas Means To Me,Stevie Wonder,24.93
halo,Favst,24.92
RiRi,White 2115,24.79
Need You Now,Lady A,24.51
Summertime Sadness,Lana Del Rey,24.43
Silent Night - 1999 Remaster,Frank Sinatra,24.38
Santa Claus Is Coming To Town,The Jackson 5,24.0
older,Isabel LaRosa,23.95
"Baby, It's Cold Outside - Remastered 2004",Dean Martin,23.84
Santa Claus Is Back In Town,Elvis Presley,23.77
o little town of Bethlehem,blondette,23.49
STAY (with Justin Bieber),The Kid LAROI,23.45
silver and gold,blondette,23.33
Si No Estás - Sped Up,Formula Speed,23.3
Flowers,Miley Cyrus,23.19
Mistletoe And Holly - Remastered 1999,Frank Sinatra,22.74
Into It,Chase Atlantic,22.72
Now That We Don't Talk (Taylor's Version) (From The Vault),Taylor Swift,22.59
A Holly Jolly Christmas,Burl Ives,22.59
Winter Wonderland,Tony Bennett,22.2
Jingle Bell Rock,Bobby Helms,21.83
Rudolph The Red-Nosed Reindeer,Burl Ives,21.67
If We Have Each Other,Alec Benjamin,21.67
Blue Christmas,Elvis Presley,21.53
Rockin' Around The Christmas Tree,Brenda Lee,21.52
ABCD,Zeamsone,21.39
have yourself a merry little christmas,blondette,21.33
Jingle Bells,Frank Sinatra,20.36
Kulig,Kaz Bałagane,20.26
Another World,One Direction,20.18
Holly Jolly Christmas,Michael Bublé,20.11
ztb,Favst,20.06
ecstacy (slowed),SUICIDAL-IDOL,20.06
I Know What You Did Last Summer,Shawn Mendes,20.05
this christmas with you,blondette,19.67
Let It Snow! Let It Snow! Let It Snow!,Dean Martin,19.57
fukumean,Gunna,19.31
Here Comes Santa Claus (Right Down Santa Claus Lane),Elvis Presley,19.3
Skydancer,Dreamfield,18.54
Boss Bitch,Doja Cat,17.94
Missile - Acte II,Lartiste,17.88
O Holy Night,Ground Zero Academy Orchestra,17.57
Baby,Justin Bieber,17.26
BFF,bambi,15.98
Formula,Labrinth,15.31
Colors (Code Geass),Otaku,15.16
Just A Dream,Nelly,13.98
18,White 2115,13.82
5 INFLUENCEREK,Zeamsone,11.73
Moulaga,Heuss L'enfoiré,10.33
Get'cha Head In The Game,Troy,9.17
Hard For Me,Michele Morrone,8.73
The Way I Loved You (Taylor’s Version),Taylor Swift,8.23
I Want,One Direction,7.46
Christmas Without You,Ava Max,7.2
way back,Travis Scott,7.04
Dancing On My Own,Robyn,6.67
KFC,Otsochodzi,5.36
BLUE,Troye Sivan,5.32
3D (feat. Jack Harlow),Jung Kook,4.84
Overdrive (feat. Norma Jean Martine),Ofenbach,4.82
Droga Pani,cosmos,4.41
Millenium sport,Jan-Rapowanie,4.09
All Hang The Lights On Christmas,Nick Phoenix,3.82
Things We Lost In The Fire,Bastille,3.64
run for the hills,Tate McRae,3.48
Taxi,Kizo,3.44
Mamacita (feat. Rich Homie Quan & Young Thug),Travis Scott,3.04
You,Armaan Malik,2.65
Something Great,One Direction,2.54
Boom Clap,Charli XCX,2.35
Loved You First,One Direction,2.09
White Christmas,Dean Martin,2.03
The Hanging Tree,James Newton Howard,1.82
Anti-Hero,Taylor Swift,1.76
Applause,Lady Gaga,1.75
Finally Free,MargoFitz,1.73
Na Na Na,One Direction,1.73
#405 – Jeff Bezos: Amazon and Blue Origin,Lex Fridman Podcast,1.72
LALA,Myke Towers,1.65
Interlude - The Trio,Lana Del Rey,1.58
Audi.,Smokepurpp,1.56
Reflections,Trevor Stanley,1.47
More Than A Woman - SG's Paradise Edit,Bee Gees,1.41
SMASH,Michael Wilbur,1.33
Speed Drive (From Barbie The Album),Charli XCX,1.31
You Give Love A Bad Name,Bon Jovi,1.25
all-american bitch,Olivia Rodrigo,1.21
"Think Of Me Once In A While, Take Care",Take Care,1.17
Houdini,Dua Lipa,1.1
good 4 u,Olivia Rodrigo,1.07
Feel Alive,KAMRAD,1.05
Black Friday,Tom Odell,0.99
Give Me Love,Ed Sheeran,0.96
Sea in Green,Drunk Urameshi,0.95
"Dance For Me (1, 2, 3) - Stutter Techno",Sonny Wern,0.92
Weightless Part 1,Marconi Union,0.87
Break Free,Ariana Grande,0.87
Satellite,Harry Styles,0.86
I Love Me,Demi Lovato,0.84
Midnight Rain,Taylor Swift,0.82
Why Don't We Go There,One Direction,0.79
Jak robić więcej na codzień? | Glow up PODCAST ✨ #16,Glow up PODCAST ✨,0.78
The One That Got Away,Katy Perry,0.77
Radio,Lana Del Rey,0.75
Fatamorgana,Przemek.pro,0.74
We're All In This Together,High School Musical Cast,0.74
I’m Just Ken - Purple Disco Machine Remix,Ryan Gosling,0.74
CAN'T SAY,Travis Scott,0.73
Here With Me,d4vd,0.68
Return of the Mack,Mark Morrison,0.67
favorite crime,Olivia Rodrigo,0.65
Comatose,jxdn,0.65
Wasting All These Tears,Cassadee Pope,0.64
Dilemma,Lil Flop,0.63
Seryjny morderca z metra | 290.,Kryminatorium,0.6
Fourth of July,Sufjan Stevens,0.6
Explosion,Kalwi & Remi,0.57
ZACZAROWANY BURDEL,ANATHEMIA,0.55
Sarà perché ti amo,Ricchi E Poveri,0.55
Until I Found You (with Em Beihold) - Em Beihold Version,Stephen Sanchez,0.54
Higher Love,Kygo,0.53
9 to 5,Dolly Parton,0.53
Where's My Love,Rodnell Hairston,0.52
"jealousy, jealousy",Olivia Rodrigo,0.52
Where Do Broken Hearts Go,One Direction,0.52
Barcelona,Andra,0.51
Bongos (feat. Megan Thee Stallion),Cardi B,0.51
Stumblin' In,CYRIL,0.5
Kukła w środku lasu? Koszmarne grzybobranie | Strach Story S01E01,Strach Story ,0.5
Leave The Door Open,Bruno Mars,0.49
Nie Ma Nie Ma Ciebie,Kayah,0.48
Call Me Maybe,Carly Rae Jepsen,0.48
LANCEY OR LANCEY,Lancey Foux,0.47
Captain Hook,Megan Thee Stallion,0.47
Baby Rap,kingpuntocom beats,0.46
Big Energy,Latto,0.46
I Know You Want Me (Calle Ocho),Pitbull,0.46
get him back!,Olivia Rodrigo,0.46
Back On 74,Jungle,0.46
Bet On It,Troy,0.45
Young And Beautiful,Lana Del Rey,0.45
Little Black Dress,One Direction,0.43
FPS,Bedoes 2115,0.43
3 w nocy w Międzyzdrojach,SB Maffija,0.42
Can't Hold Us (feat. Ray Dalton),Macklemore & Ryan Lewis,0.42
Under The Mistletoe,Kelly Clarkson,0.41
Does He Know?,One Direction,0.4
vampire heart,Isak Roen,0.4
deja vu,Olivia Rodrigo,0.4
Dangerous Woman,Ariana Grande,0.39
Careless Whisper,George Michael,0.38
What Makes You Beautiful,One Direction,0.37
Half a Heart,One Direction,0.37
Pepas,Farruko,0.37
that way,Tate McRae,0.36
Party In The U.S.A.,Miley Cyrus,0.35
Maps,Maroon 5,0.35
Chłopcy radarowcy,Andrzej Koziński,0.35
Suburban Legends (Taylor's Version) (From The Vault),Taylor Swift,0.34
Bécane - A COLORS SHOW,Yamê,0.34
JACKIE BROWN,Brent Faiyaz,0.34
traitor,Olivia Rodrigo,0.34
Timber (feat. Ke$ha),Pitbull,0.33
You & I,One Direction,0.33
Gorgeous,Taylor Swift,0.33
Little Things x Gypsy Woman - L BEATS MASHUP,Jorja Smith,0.32
Prywatny bal,Cyrko,0.32
Barbie World (with Aqua) [From Barbie The Album],Nicki Minaj,0.32
Padam Padam,Kylie Minogue,0.32
Paparazzi,Lady Gaga,0.32
Maroon,Taylor Swift,0.31
What Time Is It,Zac Efron,0.31
Power Over Me,Dermot Kennedy,0.31
Nonsense,Sabrina Carpenter,0.31
E.T.,Katy Perry,0.29
"Money, Money, Money",ABBA,0.29
Pony,Ginuwine,0.29
Temporary Fix,One Direction,0.28
Water,Tyla,0.28
IRL,bambi,0.28
5% TINT,Travis Scott,0.26
BLICKY,Beteo,0.25
MR. TAKE YA B*TCH (FEAT. CHRISEANROCK),Lil Mabu,0.25
parents,YUNGBLUD,0.25
KETCHUP,2115,0.25
She Makes Me Wanna (feat. Dev),JLS,0.25
Gangsta's Paradise,Coolio,0.24
Lawenda,SB Maffija,0.24
my boy,Billie Eilish,0.24
It's the Most Wonderful Time of the Year,Andy Williams,0.24
Billy Kid,ReTo,0.24
O Holy Night,Mariah Carey,0.23
Gimme! Gimme! Gimme! (A Man After Midnight),ABBA,0.23
Tell Me a Lie,One Direction,0.23
My Love (feat. T.I.),Justin Timberlake,0.23
happier,Olivia Rodrigo,0.23
TiK ToK,Kesha,0.23
Change Your Ticket,One Direction,0.22
Boy's a liar Pt. 2,PinkPantheress,0.22
Kiss You,One Direction,0.22
drivers license,Olivia Rodrigo,0.22
cut my hair,Tate McRae,0.22
Scenariusz dla moich sąsiadów,Myslovitz,0.21
Daylight,David Kushner,0.21
Sucker,Jonas Brothers,0.21
Stick to the Status Quo,High School Musical Cast,0.21
Calm Down (with Selena Gomez),Rema,0.2
As It Was,Harry Styles,0.2
Save Your Tears (with Ariana Grande) (Remix),The Weeknd,0.2
Jolie Jolie,Blacha 2115,0.2
Too Many Nights (with JC Stewart),220 KID,0.2
Promiscuous,Nelly Furtado,0.2
Forever21,MaRina,0.2
TURYSTA,2115,0.2
Wildest Dreams (Taylor's Version),Taylor Swift,0.2
"Moves Like Jagger - Studio Recording From ""The Voice"" Performance",Maroon 5,0.2
Perfect,One Direction,0.19
Moonlight,Kali Uchis,0.19
Mefedron Party - Biggy See Remix,Biggy See,0.19
All I Want (For Christmas),Liam Payne,0.19
London Boy,Taylor Swift,0.19
brutal,Olivia Rodrigo,0.19
Bejeweled,Taylor Swift,0.19
In The City,Charli XCX,0.18
DRESSCODE,2115,0.18
Long Way Down,One Direction,0.18
Right Now,One Direction,0.18
In Da Club,50 Cent,0.18
Genesis,Grimes,0.18
Wind Song,Jacob Terris,0.18
The Man,Taylor Swift,0.18
BMA,Vizza,0.18
Livin' la Vida Loca,Ricky Martin,0.18
"Ech, poleczko",Guzowianki,0.18
Violent,carolesdaughter,0.17
Angels Like You,Miley Cyrus,0.17
Mr. Brightside,The Killers,0.17
Pasek Gucci - La La La - Majki Remix,Majki,0.17
"All I Want - From ""High School Musical: The Musical: The Series""",Olivia Rodrigo,0.17
tolerate it,Taylor Swift,0.17
Clouds,One Direction,0.17
A.M.,One Direction,0.17
#297: oddech jako narzędzie do lepszego życia,Karolina Sobańska,0.17
"What Was I Made For? [From The Motion Picture ""Barbie""]",Billie Eilish,0.17
Drinking About You,Ryan Oakes,0.17
Cringowy Lovesong,Young Leosia,0.16
Nobody's Business,Rihanna,0.16
Enchanted,Taylor Swift,0.16
Used To Be Young,Miley Cyrus,0.16
Waka Waka (This Time for Africa) [The Official 2010 FIFA World Cup (TM) Song] (feat. Freshlyground),Shakira,0.16
You’re Losing Me (From The Vault),Taylor Swift,0.16
Locked Away (feat. Adam Levine),R. City,0.16
Been You,Justin Bieber,0.16
Outta Love,Andye,0.16
Mirándote,Rvfv,0.15
Papi,Jennifer Lopez,0.15
mama's house,push baby,0.15
Life Is Worth Living,Justin Bieber,0.15
They Don't Know About Us,One Direction,0.15
Formidable,Stromae,0.15
bando - sped up + reverb,bbygirl,0.15
Harleys In Hawaii,Katy Perry,0.15
Cornelia Street,Taylor Swift,0.15
hurt my feelings,Tate McRae,0.15
The City's Yours,Jamie Foxx,0.15
Lay Low,Tiësto,0.14
In The Stars,Benson Boone,0.14
Lil Boo Thang,Paul Russell,0.14
Love Me Harder,Ariana Grande,0.14
New Romantics (Taylor's Version),Taylor Swift,0.14
Makeba - Ian Asher Remix,Jain,0.14
I Wanna Dance with Somebody (Who Loves Me),Whitney Houston,0.14
Problems,DeathbyRomy,0.14
Levitating (feat. DaBaby),Dua Lipa,0.14
Na serio,Białas,0.14
Idę Na Plażę,Video,0.14
Afraid,The Neighbourhood,0.14
greedy sped up,Tate McRae,0.14
SPRZEDAŁEM SIĘ,Oki,0.14
cardigan,Taylor Swift,0.13
she's all i wanna be,Tate McRae,0.13
Say Yes To Heaven,Lana Del Rey,0.13
I Gotta Feeling,Black Eyed Peas,0.13
Мой мармеладный (Speed Up),Katya Lel,0.13
Czerwone jagody,Guzowianki,0.13
LoveGame,Lady Gaga,0.13
Change My Mind,One Direction,0.13
The Christmas Song (Shawn Mendes & Camila Cabello),Shawn Mendes,0.13
Fluid,ReTo,0.13
Umbrella,Rihanna,0.13
Easier,5 Seconds of Summer,0.13
Never Enough,One Direction,0.13
Beautiful Now,Zedd,0.13
Where's My Love,SYML,0.12
Just Dance,Lady Gaga,0.12
Bungee,SB Maffija,0.12
Don't Start Now,Dua Lipa,0.12
DJ Got Us Fallin' In Love (feat. Pitbull),USHER,0.12
We R Who We R,Kesha,0.12
Sun of Jamaica,Goombay Dance Band,0.12
GLOW UP,2115,0.12
Lavender Haze,Taylor Swift,0.12
Happy Man,Jungle,0.12
She Wolf,Shakira,0.12
Aion,Trevor Stanley,0.12
Elastic Heart,Sia,0.12
Te Boté - Remix,Nio Garcia,0.12
we wish you a merry christmas,blondette,0.11
Every Ending Is a New Beginning,Samuel Bawo,0.11
MONTAGEM - PR FUNK,S3BZS,0.11
Gold,Loi,0.11
Midnight Sky,Miley Cyrus,0.11
Back For You,One Direction,0.11
Atlantis,Seafret,0.11
Error,Natalia Nykiel,0.11
Love Is A Long Road,Tom Petty,0.11
Running Up That Hill (A Deal With God),Kate Bush,0.11
Time of Our Lives,Pitbull,0.11
Plastic Hearts,Miley Cyrus,0.11
Otwieram wino (feat. Pezet),Sidney Polak,0.1
34+35,Ariana Grande,0.1
"1 step forward, 3 steps back",Olivia Rodrigo,0.1
Heat Waves,Glass Animals,0.1
HIPNOZA,NIKOŚ,0.1
Bonus - Favorite Song (feat. Future) [Toxic Version],Toosii,0.1
Deli,Ice Spice,0.1
if u think i'm pretty,Artemas,0.1
Blow Your Mind (Mwah),Dua Lipa,0.1
Boyfriend,Dove Cameron,0.1
Once in a Lifetime,One Direction,0.1
Talk Dirty (feat. 2 Chainz),Jason Derulo,0.1
Have Yourself a Merry Little Christmas,Christina Aguilera,0.1
I'm So Excited,The Pointer Sisters,0.1
Mwaki,Zerb,0.1
Darkest Hour,Andrea Russett,0.1
IDGAF,Dua Lipa,0.1
Delicate,Taylor Swift,0.09
Unsteady,X Ambassadors,0.09
Superman,Eminem,0.09
Endless Fashion (feat. Nicki Minaj),Lil Uzi Vert,0.09
Lighters,Bad Meets Evil,0.09
Burning Desire,Lana Del Rey,0.09
What It Is (Solo Version),Doechii,0.08
(It Goes Like) Nanana - Edit,Peggy Gou,0.08
Parado no Bailão,MC L da Vinte,0.08
"""Slut!"" (Taylor's Version) (From The Vault)",Taylor Swift,0.08
Escapism.,RAYE,0.08
Crazy Girls,TOOPOOR,0.08
I Love It (feat. Charli XCX),Icona Pop,0.08
Cold Heart - PNAU Remix,Elton John,0.08
Lover,Taylor Swift,0.08
Freaky Like Me,Madcon,0.08
Kiss Me More (feat. SZA),Doja Cat,0.08
New Rules,Dua Lipa,0.08
Step Into Christmas - Remastered 1995,Elton John,0.07
Hey Angel,One Direction,0.07
august,Taylor Swift,0.07
I’m Just Ken (From Barbie The Album),Ryan Gosling,0.07
Hundred Miles,Yall,0.07
Disney,Kizo,0.07
Wildest Dreams,Taylor Swift,0.07
I'll Show You,Justin Bieber,0.07
Ne Rozumiju,Vixen,0.07
something to remember,Matt Hansen,0.07
Same Mistakes,One Direction,0.06
Break the Rules,Charli XCX,0.06
If I Could Fly,One Direction,0.06
Malibu Barbie,club2020,0.06
Last Kiss (Taylor's Version),Taylor Swift,0.06
Pozdro (feat. Sapi Tha King & Żabson),Kubi Producent,0.06
mad woman,Taylor Swift,0.06
Prom Queen,Beach Bunny,0.05
I Wish,One Direction,0.05
Małolatki,MiłyPan,0.05
Za Oknem Deszcz - Tahiti Remix,Tahiti,0.04
ME! (feat. Brendon Urie of Panic! At The Disco),Taylor Swift,0.04
Temperature,Sean Paul,0.04
Hits Different,Taylor Swift,0.04
Fearless (Taylor’s Version),Taylor Swift,0.04
You Need To Calm Down,Taylor Swift,0.04
My Słowianie,Donatan,0.04
teenage dream,Olivia Rodrigo,0.04
Truly Madly Deeply,One Direction,0.04
Agora Hills,Doja Cat,0.04
Heart Attack,Demi Lovato,0.03
I Can See You (Taylor’s Version) (From The Vault),Taylor Swift,0.03
Taken,One Direction,0.03
Home,One Direction,0.03
Dancing With Our Hands Tied,Taylor Swift,0.03
KARATE KID,bambi,0.02
You All Over Me (feat. Maren Morris) (Taylor’s Version) (From The Vault),Taylor Swift,0.02
coney island (feat. The National),Taylor Swift,0.01
‘tis the damn season,Taylor Swift,0.01
Snow On The Beach (feat. Lana Del Rey),Taylor Swift,0.0
Save You Tonight,One Direction,0.0
Outside (feat. Ellie Goulding),Calvin Harris,0.0
Kill Bill,SZA,0.0
Start of Something New,Troy,0.0
Desire (with Sam Smith),Calvin Harris,0.0
Daylight,Taylor Swift,0.0
Only Girl (In The World),Rihanna,0.0
One Of Your Girls,Troye Sivan,0.0
Olivia,One Direction,0.0
My Blood,Ellie Goulding,0.0
i'm yours sped up,Isabel LaRosa,0.0
About Damn Time,Lizzo,0.0
